theredlion,5 
soccer,103 
karmaconspiracy,56 
funny,555 
badkarma,63 
casualiama,128 
teenagers,68 
australia,82 
sydney,19 
photography,19 
circlejerkcopypasta,206 
mensrights,207 
copypasta,227 
wtf,339 
nofap,59 
meditation,13 
circlebroke,250 
lostgeneration,43 
dogecoin,65 
foreveralone,47 
relationships,224 
crazyideas,49 
iama,411 
swoleacceptance,16 
askhistorians,110 
purplepilldebate,66 
srsmen,6 
trollychromosome,16 
needadvice,20 
pcmasterrace,185 
canadaguns,8 
adviceanimals,335 
news,456 
askreddit,1191 
pics,504 
explainlikeimfive,244 
dataisbeautiful,121 
shitredditsays,389 
todayilearned,546 
metaconservative,3 
conservative,97 
chibears,9 
nfl,148 
orangered,9 
chromanauts,2 
subredditdrama,2056 
freebies,13 
lifeprotips,105 
legaladvice,234 
philadelphia,24 
writingprompts,257 
politics,330 
dirtypenpals,39 
incest,13 
subredditdramas,2 
parenting,33 
guildwars2,19 
playrustservers,2 
civcraft,48 
srssucks,215 
videos,478 
civcraftexchange,2 
nolibswatch,68 
stalkerwatch,33 
itmejp,4 
starcraft,28 
seduction,17 
twoxchromosomes,219 
mmfb,17 
games,131 
srsdiscussion,45 
catholicism,54 
mexico,9 
gunsarecool,61 
liberal,23 
thepopcornstand,176 
angrymail,6 
subredditdramadrama,23 
panthers,12 
49ers,21 
killingfloor,4 
steam,60 
askphilosophy,38 
bestof,1217 
anarchism,158 
metanarchism,48 
perth,6 
nba,95 
trollxchromosomes,59 
shitstatistssay,265 
enoughlibertarianspam,200 
religion,16 
insurance,4 
libertarian,138 
worldnews,501 
badhistory,110 
mapporn,41 
gaming,319 
xboxone,38 
tipofmypenis,44 
anal,3 
wherearethefeminists,5 
feminism,61 
christianity,102 
drama,945 
debateachristian,12 
rapbattles,7 
openbroke,87 
television,82 
atheism,204 
conspiracy,437 
politic,54 
swiftmangacomics,5 
againstswiftmanga,2 
chiliadmystery,5 
offmychest,164 
science,171 
metacanada,122 
pasto_range,3 
chromehenge,2 
hailcorporate,206 
masseffect,16 
shittyaskscience,54 
tifu,234 
circlebroke2,386 
hiphopheads,84 
atlanta,36 
askmen,77 
texans,12 
nygiants,13 
saints,6 
kansascitychiefs,6 
chargers,8 
azcardinals,3 
nyjets,10 
buffalobills,13 
falcons,13 
subaru,12 
badphilosophy,185 
swtor,14 
askscience,85 
frugal,27 
california,10 
dwarffortress,11 
dadjokes,14 
circlejerk,94 
technology,200 
rage,85 
karmacourt,131 
showerthoughts,220 
changemyview,178 
troubledteens,8 
detroitlions,13 
nostupidquestions,114 
suicidewatch,61 
truereddit,97 
aww,123 
buildapc,57 
buildapcsales,8 
dogemining,4 
litecoin,11 
outoftheloop,190 
4chan,72 
morbidreality,71 
shittyaskfitness,2 
femradebates,45 
marketing,7 
vermillionunion,2 
automoderator,17 
namecoin,2 
sex,102 
iosthemes,5 
jailbreak,34 
learnprogramming,19 
programmerhumor,36 
depression,85 
tf2,68 
skeptic,65 
mindcrackcirclejerk,9 
metaljerk,21 
metal,17 
corejerk,8 
metalcore,14 
shitamericanssay,313 
pka,34 
nosleep,59 
redditdev,7 
webgames,4 
worstof,250 
circlejerkaustralia,34 
talesfromyourserver,14 
ffxiv,19 
hiphopimages,5 
losangeles,24 
brokehugs,19 
anarcho_capitalism,210 
badatheism,16 
leagueoflegends,167 
ask_politics,14 
dogtraining,5 
macgaming,2 
economy,12 
assassinscreed,17 
truegaming,26 
kappa,53 
baconreader,6 
exmormon,76 
ukraine,8 
law,26 
austin,33 
quityourbullshit,122 
gratefuldead,2 
latterdaysaints,19 
happy,11 
economics,42 
libertariancopypasta,10 
bitcoin,192 
fatpeoplestories,18 
bodyacceptance,6 
deadbedrooms,33 
howtonotgiveafuck,15 
explainlikeiama,16 
losangeleskings,7 
anaheimducks,2 
entwives,2 
trees,100 
europe,132 
jessiesparents,2 
horror,12 
conspiratard,119 
teachers,13 
education,9 
mensrants,7 
cringepics,87 
startrek,20 
photoshopbattles,106 
thebluepill,168 
confession,84 
militarystories,3 
prorevenge,39 
letsplay,12 
srsredditdrama,10 
anonymous123421,7 
booksuggestions,3 
antisrs,11 
dogecoinscamwatch,4 
dogemarket,6 
userbattleslounge,3 
monstercat,9 
shittydarksouls,7 
darksouls,12 
negareddit,98 
loseit,35 
earthporn,15 
shadowban,9 
protectandserve,75 
beercirclejerk,30 
beerporn,4 
whiterights,44 
asktransgender,62 
randomsuperpowers,5 
racism,21 
newjersey,10 
magicthecirclejerking,22 
magictcg,49 
iran,18 
self,135 
againstmensrights,109 
frugalmalefashion,6 
anarchy101,7 
tumblrinaction,162 
gaybroscirclejerk,15 
gaybros,30 
cheesepasta,3 
music,105 
dogecoinbeg,3 
onions,7 
dredmorbius,3 
energy,9 
meta,9 
skyrim,40 
leafs,7 
hockey,86 
shortscarystories,6 
shortscarystoriesooc,2 
beer,13 
psychonaut,36 
chicago,36 
askfeminists,35 
cringe,124 
offbeat,35 
nottheonion,136 
weddingplanning,12 
mlplounge,33 
thelastairbender,19 
subredditoftheday,36 
panichistory,67 
paranormal,10 
ideasfortheadmins,21 
xkcd,11 
exjw,29 
montreal,11 
asksocialscience,18 
mildlyinfuriating,64 
badlinguistics,120 
keto,29 
frat,14 
theredpill,125 
bdsmcommunity,23 
russia,32 
askashittydoctor,4 
sports,47 
comics,31 
japan,27 
scifi,20 
starbound,7 
findareddit,28 
askaconservative,5 
dota2,123 
guns,49 
transhumanism,3 
windowsphone,18 
writingcirclejerk,3 
writing,35 
glitch_in_the_matrix,17 
thexeffect,2 
getdisciplined,15 
dogetipbot,2 
military,44 
army,31 
malefashionadvice,25 
amiugly,28 
tipofmytongue,33 
smashbros,63 
movies,202 
baltimore,17 
reddevils,19 
everton,3 
badeconomics,97 
opiates,40 
shitrconservativesays,41 
elderscrollsonline,11 
history,68 
circloljerk,2 
yogscast,7 
cynicalbrit,25 
india,117 
starcraftcirclejerk,12 
tryingforababy,5 
snowboardcj,6 
snowboarding,5 
theoryofreddit,55 
javahelp,2 
stims,16 
sexyshopping,2 
theydidthemath,146 
vancouver,25 
watchpeopledie,29 
markmywords,15 
standupshots,22 
politicaldiscussion,74 
trueatheism,27 
asianbeauty,9 
rsocialismmeta,2 
socialism,160 
pokemon,63 
magicskyfairy,31 
fncy,2 
katawashoujo,3 
jaibrooks1,2 
asoiaf,36 
creepy,85 
randomactsofpizza,11 
assistance,35 
planetside,43 
picturegame,2 
starwars,82 
petloss,2 
chicagocirclejerk,2 
greatnwside,4 
indiemakeupandmore,4 
moviesuggestions,2 
circlebrokecirclejerk,5 
coinflow,3 
winnipeg,6 
codghosts,4 
gamingcirclejerk,184 
gifs,224 
imgoingtohellforthis,99 
electronic_cigarette,57 
darknetmarkets,80 
lsd,18 
raisedbynarcissists,85 
breakingmom,9 
ketorecipes,4 
doesanybodyelse,15 
family,3 
italy,12 
help,48 
askphysics,12 
running,19 
admincraft,4 
srsfunny,5 
prettyteenagers,2 
nursing,15 
cars,39 
asksciencefiction,30 
personalfinance,92 
frisson,22 
foreveralonewomen,4 
mmorpg,15 
askwomen,66 
destiny,20 
twitchplayspokemon,26 
rawdenim,4 
twitch,16 
redditrequest,50 
cryptocurrency,21 
quarkcoin,3 
bayarea,17 
historyporn,43 
runescape,30 
redditcensorship,37 
bartenders,4 
aggies,4 
incremental_games,4 
skincareaddiction,28 
haircarescience,3 
redditbomb,3 
sorceryofthespectacle,17 
adventuretime,8 
philosophy,51 
truefilm,10 
buildapcforme,3 
agitation,70 
worldpolitics,90 
malehairadvice,6 
communism,27 
antiatheismwatch,36 
braveryjerk,6 
childfree,83 
cryptomarkets,5 
getting_over_it,6 
relationship_advice,69 
vertcoin,5 
descentintotyranny,5 
canadapolitics,26 
outofthemetaloop,8 
pokemonshowdown,2 
badarthistory,11 
bostonbruins,6 
louisville,3 
askelectronics,7 
askuk,11 
redditgetsdrawn,7 
askengineers,12 
bicycling,34 
ukrainianconflict,19 
mentalhealth,14 
divorce,7 
bandnames,37 
bitcoinbeginners,2 
selfharm,2 
medicalschool,11 
blackladies,71 
badscience,63 
homebrewing,7 
pathofexile,15 
myevilplan,5 
dnd,43 
onetruegod,8 
thesims,9 
erotichypnosis,3 
femdomcommunity,2 
statistics,7 
columbus,12 
mwo,5 
outreachhpg,9 
bisexual,20 
drugscirclejerk,35 
drugs,74 
indianews,27 
circlebroken,9 
vegancirclejerk,26 
fitness,83 
hardbodies,2 
artistlounge,2 
defaultgems,35 
debatereligion,32 
benzodiazepines,9 
methadone,2 
advice,64 
newzealand,52 
mensrightsmeta,2 
reddcoin,7 
argentina,7 
networking,8 
apple,39 
cripplingalcoholism,13 
wallpaperdump,7 
gameofthrones,28 
lotr,6 
community,10 
breakingbad,9 
futurama,7 
archerfx,11 
nosleepooc,6 
stormlight_archive,4 
lewronggeneration,55 
poeslawinaction,7 
minecraftsuggestions,7 
minecraft,33 
startups,17 
dailydot,6 
globaloffensive,123 
britishproblems,21 
britishsuccess,7 
srsmythos,22 
washingtondc,17 
danzilona,5 
ama,47 
ireland,51 
paintball,6 
atheismrebooted,11 
new_right,19 
ottawa,23 
eve,58 
hcfactions,11 
puertorico,3 
latinoamerica,2 
alienblue,6 
dayz,28 
modnews,2 
roosterteeth,22 
doctorwho,20 
gamedev,28 
applehelp,5 
mac,5 
ladymras,3 
rant,60 
vegan,99 
thathappened,126 
onepiececirclejerk,6 
onepiece,10 
mildlyinteresting,157 
bravenewbies,9 
wearethemusicmakers,15 
pathfinder_rpg,6 
tiadiscussion,35 
userbattles,2 
test,23 
gtaonline,14 
gtaglitches,2 
murica,67 
collegebasketball,16 
askgaybros,51 
progressive,20 
atheistvids,2 
nationals,5 
china,49 
litecoinmining,3 
srsmicroaggressions,3 
huntsvillealabama,8 
mastercardpriceless,2 
aquariums,13 
aquaponics,3 
darksouls2,13 
amitheasshole,19 
whatsmyimpression,3 
iwanttolearn,3 
diablo3monks,2 
diablo,16 
whatcouldgowrong,39 
mylittleandysonic1,33 
virginiatech,2 
paradoxplaza,25 
skyrimmods,15 
levantinewar,3 
syriancivilwar,45 
nocontext_wallpapers,5 
trueoffmychest,34 
periwinkle,13 
unpopularopinion,27 
amateurfights,2 
needafriend,6 
aspergers,25 
trueaskreddit,23 
polyamory,21 
awwwtf,6 
wow,54 
zog,3 
casualpokemontrades,3 
squaredcircle,83 
exmuslim,66 
srsliberty,3 
asksciencediscussion,13 
pettyrevenge,41 
redpillwomen,22 
short,48 
learnpython,8 
18bfriendzonest,4 
autowikibot,3 
oculus,42 
redditinsider,10 
exittors,2 
android,70 
redditdads,8 
triviatime,2 
goldredditsays,73 
girlgamers,25 
roadcam,25 
legal,9 
prolife,19 
dentistry,11 
askwomenover30,4 
tall,14 
titanfall,15 
gonewildstories,15 
aegis_imperial,2 
transgendercirclejerk,10 
blunderyears,8 
kindvoice,5 
thescienceofdeduction,6 
stoicism,9 
gonewildaudio,37 
anxiety,38 
getmotivated,71 
deaf,8 
republicans,3 
depthhub,138 
trueredditdrama,71 
rants,3 
idap,3 
iphone,20 
femrameta,6 
nonzeroday,3 
thankyoubasedgod,2 
sjsucks,16 
comicbooks,32 
clannews,2 
biology,11 
chemistry,10 
boardgames,19 
talesfromretail,32 
warhammer,4 
tf2trade,3 
starcitizen_trades,3 
nottimanderic,2 
woahdude,62 
askhistory,5 
mindcrackdiscussion,4 
undelete,131 
jacksonville,3 
petitiontoresign,3 
newreddits,6 
justiceporn,84 
rockets,11 
altnewz,15 
ucsantabarbara,5 
debateanatheist,11 
shutupandtakemymoney,6 
bodybuilding,22 
literature,8 
floridagators,3 
cfb,46 
redditactivism,4 
beermoney,4 
workonline,2 
programming,52 
ukpolitics,57 
bitofnewsbot,2 
starcitizen,31 
clashofclans,76 
ebay,4 
watches,11 
canada,151 
eldertrees,2 
nsfw_gifs,7 
worldbuilding,20 
vinewoodlocos,2 
insightfulquestions,4 
debate,3 
censorship,25 
communism101,15 
ar15,7 
ipad,3 
mma,72 
assholes,25 
chromanauts_eternal,3 
smalldickproblems,14 
diy,42 
anticonsumption,5 
boston,30 
bostonu,3 
eternalbattleground,2 
minnesotaunited,2 
fuckingphilosophy,2 
infj,7 
rangers,13 
flyers,10 
whowouldwin,59 
femalefashionadvice,7 
gamecollecting,7 
e_cigarette,3 
vaping,5 
srsgaming,17 
shinypokemon,2 
pokemongiveaway,10 
scams,12 
enoughpaulspam,5 
reactiongifs,62 
egalitarianism,5 
teenrelationships,2 
books,87 
progresspics,18 
stunfisk,3 
neckbeardstories,7 
justneckbeardthings,78 
unexpected,61 
asktrp,35 
minnesotavikings,17 
nfl_draft,14 
tulpas,9 
accounting,16 
australianpolitics,5 
mindcrack,5 
badliterarystudies,17 
nascar,13 
nsfw,19 
marijuana,4 
animesuggest,2 
anime,60 
gamedeals,15 
karmacourtblog,6 
exnocontact,7 
environment,28 
mrselfpostcopies,31 
neutralclan,2 
warriors,15 
futurology,89 
bakchodi,35 
ldscirclejerk,2 
confessions,12 
steelers,10 
sysadmin,50 
shingekinokyojin,7 
aotrp,3 
attackontitan,3 
dreams,5 
buttcoin,110 
propagandaposters,18 
redditblack,10 
ethics,4 
techsupport,67 
digitalcartel,21 
judaism,29 
buddhism,26 
islam,100 
calgary,25 
ainbow,57 
kingkillerchronicle,4 
trailers,2 
timezonesimplifier,2 
bitcoinmarkets,17 
dota2trade,3 
jointhefight,2 
cigars,8 
thetruthishere,7 
gifbattle,7 
civcraftaytos,2 
laclippers,7 
toonami,2 
tech,10 
mylittlepony,19 
lgbt,61 
israel,43 
cscareerquestions,19 
ecigclassifieds,4 
shittyreactiongifs,28 
travel,20 
redditisfun,5 
announcements,15 
webdev,17 
web_design,6 
adviceatheists,2 
space,64 
haiku,2 
harley,8 
karakuratown,2 
seireitei,2 
fatlogic,54 
nononono,21 
anythinggoesnews,44 
unixporn,4 
timetolegalize,6 
gamegrumps,26 
medicine,26 
vaccinemyths,19 
historynetwork,5 
ask_transgender,3 
briggs,10 
tefl,9 
hearthstone,69 
physics,13 
redditvortex,2 
opticgaming,4 
codcompetitive,17 
teslamotors,17 
northkorea,3 
airz23,2 
talesfromtechsupport,45 
mcservers,4 
whowillbuildtheroads,7 
civ,41 
arabs,24 
germany,15 
fuckingmanly,5 
flying,14 
selfdrivingcars,4 
gadgets,25 
art,37 
listentothis,12 
documentaries,100 
findapath,4 
basicincome,33 
silkroad,4 
csshelp,14 
collectiveintelgroup,2 
javascript,6 
3ds,10 
karmacourtattorneys,6 
youshouldknow,22 
lanl_german,2 
de,42 
nofapwar,14 
pornfree,12 
scp,9 
multicopter,13 
radiocontrol,6 
nsfwiama,16 
ps4,47 
nhlhut,4 
feels,2 
abcdesis,21 
cahideas,4 
tumblr,16 
metacirclejerk,3 
warthunderrddtwing,2 
circlejerkseattle,27 
seattle,44 
metalmemes,4 
chicagonwside,2 
femmethoughts,15 
abandonedporn,12 
asiantwox,14 
dccomics,12 
intj,16 
frozen,7 
bitcoinserious,4 
911truth,13 
homestarrunner,4 
daddit,18 
retrogaming,4 
warthunder,24 
bad_religion,50 
interestingasfuck,66 
climateskeptics,21 
hhcjcopypasta,4 
wildstar,6 
isrconspiracyracist,10 
fifa,9 
reddithax,2 
rational,4 
lfg,3 
recordthis,3 
rbnmovienight,2 
askstrawfeminists,3 
ideasforcmv,3 
ketoscience,4 
gay,11 
oppression,158 
subredditanalysis,3 
baseballcirclejerk,8 
baseball,61 
bad_cop_no_donut,64 
mirrornetworktest,4 
limitedhangouts,4 
portland,42 
trashy,40 
disciplined,3 
nofapchristians,5 
srsmailbag,4 
ukipparty,15 
pokemontrades,2 
poketradereferences,2 
climbingcirclejerk,4 
climbing,9 
firstworldanarchists,44 
randomkindness,4 
secretsanta,5 
longdistance,6 
eood,4 
powerlifting,11 
machineporn,5 
facepalm,74 
timberwolves,8 
shamelessplug,6 
atlantahawks,11 
chicagobulls,9 
suns,5 
bostonceltics,16 
denvernuggets,3 
utahjazz,2 
orlandomagic,3 
nrl,3 
cocaine,5 
resissues,9 
sexsells,4 
skypeshows,2 
tmobile,10 
kings,4 
howardstern,9 
writersgroup,2 
amrsucks,37 
darkenlightenment,15 
wiiu,12 
watch_dogs,2 
rapecounseling,10 
muws,2 
picrequests,10 
moshbrorights,3 
aflcirclejerk,4 
afl,12 
badpeoplestories,6 
bugs,35 
archlinux,8 
firefox,6 
dogs,27 
shittyadviceanimals,8 
fiftyfifty,13 
bipolar,18 
battlefield_4,27 
purebattlefield,2 
battlefield,18 
cpp_questions,3 
dailyprogrammer,3 
progun,28 
lebanon,4 
laowinning,11 
polishgauntlet,2 
yellowperil,22 
waroncomcast,11 
crohnsdisease,6 
accountt1234,4 
deep_ecology,6 
reddittroopers,2 
badsocialscience,87 
cycling,5 
breastfeeding,9 
babybumps,19 
internetisbeautiful,34 
dailyprogrammer_ideas,2 
opiatesrecovery,5 
latvianjokes,3 
jokes,110 
sociopath,9 
ultrahardcore,8 
socialengineering,12 
reportthespam,3 
kansascity,16 
stopsmoking,10 
lectures,3 
winmyargument,4 
shittyama,19 
jobs,24 
oldschoolcool,71 
antimemewatch,24 
amateurradio,8 
giftofgames,6 
ottawasenators,12 
creepypms,24 
drkcoin,2 
spam,52 
cigarettes,4 
darknetmarketsnoobs,4 
letsnotmeet,14 
pcpurism,2 
memes,8 
unitedkingdom,119 
unsentletters,4 
trucking,8 
ufos,7 
linux,39 
gaykink,7 
totallystraight,10 
bdsmtalk,2 
socialskills,13 
tripsit,4 
makemychoice,2 
buildmeapc,4 
csgolounge,5 
epilepsy,3 
cordcutters,7 
ihaterconspiracyclub,3 
talesfromthecustomer,6 
lockpicking,5 
angry,15 
nhl,7 
wildhockey,8 
askacademia,4 
machinelearning,3 
srsarmory,2 
srswomen,8 
lifeafternarcissism,6 
macsucks,3 
upliftingnews,77 
moronarmy,2 
unresolvedmysteries,33 
evilleagueofevil,15 
orthodoxchristianity,3 
globalhealth,2 
crowdfunding,3 
dallas,14 
coffee,8 
frdbroke,8 
saltlakecity,12 
mtaugusta,4 
feminineboys,3 
computertechs,2 
steamteampurple,4 
nyyankees,6 
srsfeminism,4 
feminisms,10 
summerreddit,35 
fallout,44 
witcher,11 
nextelderscrolls,2 
elderscrolls,5 
fuckthespurs,2 
badpsychology,28 
lakers,10 
motorcycles,47 
dotamasterrace,34 
pornvids,7 
ask,2 
marvel,26 
grandtheftautov,25 
liverpoolfc,20 
turkey,31 
gaystoriesgonewild,3 
whitesox,4 
torontobluejays,11 
summonerschool,10 
cascadia,3 
jontron,47 
duelingcorner,4 
masturbation,3 
restorethefourth,3 
punchingmorpheus,10 
oddlysatisfying,29 
israel2,2 
narcissisticabuse,10 
askamechanic,2 
snowmobiles,2 
taoism,6 
palestine,9 
metalgear,3 
abdl,9 
lanadelrey,2 
entertainment,15 
fitnesscirclejerk,218 
toronto,45 
multiplesclerosis,3 
debateamr,2 
enhancement,8 
ketogains,5 
bodyweightfitness,12 
redskins,10 
bipolarreddit,2 
androidapps,9 
femdom,6 
victoriabc,9 
snowdencirclejerk,2 
smite,28 
flipping,8 
myriadcoin,3 
requestabot,6 
pokemonzetaomicron,2 
dota2modding,2 
askmenover30,8 
goodmorningperiwinkle,3 
republicofbezold,2 
hiphopcirclejerk,59 
battlefield3,4 
paydaytheheist,15 
posthardcore,10 
askdocs,37 
wine,3 
design_critiques,3 
ravens,12 
no_sob_story,3 
weekendgunnit,25 
fantheories,27 
riskofrain,2 
nonmonogamy,4 
ndp,3 
detroit,6 
hinduism,10 
a_irsoft,14 
airsoftmarket,3 
worldoftanks,12 
askwomenadvice,12 
snakes,5 
theydidthemonstermath,5 
transphobiaproject,26 
dinosaurs,2 
bikecommuting,10 
hacking,16 
totalreddit,4 
electronicmusic,6 
tattoos,12 
houston,32 
gonets,2 
thunder,3 
nosleepsleuths,6 
worldproblems,4 
animalrights,10 
firstworldproblems,15 
drugnerds,5 
abcqwerty123,6 
nyknicks,5 
navysealcopypasta,5 
storj,2 
texas,15 
selfserve,2 
wredditstreams,2 
justapaddy,2 
yugioh,9 
trueobjectivism,3 
toledo,2 
questionablecontent,5 
krollshow,2 
shadowbanned,3 
battlestations,10 
aquamarinesbarracks,3 
cooking,19 
oney,17 
bpdsoffa,3 
abuseinterrupted,43 
damnthatsinteresting,14 
codaw,7 
sanctionedsuicide,29 
unity3d,4 
casualconversation,48 
dating_advice,18 
reddit_silver,2 
royalblue,3 
ceruleanregiment,3 
pfjerk,6 
rupaulsdragrace,21 
quotes,18 
debateacommunist,9 
thewestwing,2 
dubai,5 
talesfromthesquadcar,7 
comedy,5 
locationbot,2 
worldcryptonetwork,2 
ethereum,26 
creepypasta,3 
brisbane,30 
austpropertyponzi,5 
askretail,4 
whatsbotheringyou,2 
percyjacksonrp,3 
patriots,35 
montageparodies,10 
pjrp_community,3 
researchmarkets,2 
joerogan2,10 
joerogan,32 
dogpictures,6 
nootropics,11 
stackadvice,5 
linuxquestions,6 
linux4noobs,10 
trovecreations,2 
trove,3 
infp,6 
ss13,5 
screenwriting,7 
philippines,31 
coys,8 
redditbandits,6 
redditrecon,5 
redditstrike,2 
icandrawthat,9 
pussified,31 
browns,13 
chromalore,2 
tolkienfans,5 
socialanxiety,12 
msfbs,3 
whatsthatbook,3 
glasgow,12 
5555555,25 
thailand,9 
newcerulean,2 
fireteams,3 
kitchenconfidential,16 
opieandanthony,78 
lightbulb,9 
aftermath1231,4 
spiders,5 
crimson_regiment,4 
yougottold,39 
anonymous,6 
live,2 
destinythegame,48 
cmh,2 
reformed,10 
orlando,7 
anarchy,2 
contagiouslaughter,5 
xxfitness,8 
introvert,3 
keepwriting,2 
spacex,8 
engineering,15 
coloradosprings,2 
shitliberalssay,295 
iamverysmart,106 
argentinacirclejerk,3 
crossfit,5 
fantasyfootball,20 
scuba,5 
yesno,3 
fffffffuuuuuuuuuuuu,18 
evilbrainstorming,2 
freelance,5 
quotesporn,19 
pussypassdenied,44 
scbackstage,2 
freekarma,4 
yankees,3 
thewalkingdead,20 
greenbaypackers,16 
eagles,13 
objectivism,13 
playmindcrack,4 
titlebitching,2 
competitivehs,4 
showerbeer,5 
pugs,2 
madisonwi,7 
androidquestions,10 
polandball,28 
warframe,10 
pokemonbattles,2 
digimon,2 
allispeed,2 
100yearsago,3 
globaloffensivetrade,7 
mcfc,5 
twobestfriendsplay,25 
h1z1,16 
advertising,2 
badlegaladvice,73 
muacirclejerk,13 
botsrights,393 
edh,5 
dfo,4 
shitguncontrollerssay,32 
asoiafcirclejerk,18 
prettylittleliars,4 
orioles,3 
european,87 
politicalmoderation,16 
france,22 
feminismformen,6 
dirtyr4r,18 
investing,24 
banished,2 
frozenfriends,2 
newaugusta,2 
silverbugs,15 
pcgaming,52 
albany,5 
kotakuinaction,182 
lotro,2 
dvdasa,5 
elitedangerous,64 
elitetraders,2 
badhistory2,20 
ads,7 
amazon,5 
videos_discussion,5 
asklaw,2 
oneplus,6 
wtfdidijustread,55 
suggestalaptop,2 
switcharoo,148 
supernatural,2 
2007scape,38 
heroesofnewerth,3 
runningcirclejerk,16 
badfallacy,10 
redditecho,2 
paris,6 
pharmacy,8 
entrepreneur,44 
talesfromthepizzaguy,7 
misophonia,3 
london,22 
justrolledintotheshop,27 
math,24 
scotland,19 
makeupaddiction,28 
askmoderators,7 
speedrun,12 
food,65 
seahawks,15 
personalfinancecanada,5 
shittyaskreddit,5 
baking,4 
baddoggy,2 
doctorswithoutborders,2 
metametacanada,14 
clubnintendotrade,2 
askanthropology,5 
bestofoutrageculture,137 
emeraldps2,12 
hotwife,4 
hotwifelifestyle,3 
formula1,19 
qotsa,2 
grandtheftautov_pc,14 
learnuselesstalents,10 
anger,4 
atomgraywrites,2 
androidwatchfaces,2 
moto360,4 
chronicpain,22 
kanye,21 
askleo,9 
afwcomics,13 
nofakereddit,2 
homegym,3 
exasperations,4 
shitmormonssay,2 
canadian_ecigarette,3 
tagpro,21 
indiegaming,3 
denver,14 
resumes,3 
lifeasannpc,2 
c25k,4 
warshipporn,3 
psychology,19 
poetry,2 
nyc,39 
civcraft_olympia,2 
mormon,15 
mltp,6 
vaporents,10 
netsec,13 
compulsiveskinpicking,2 
bestofliveleak,3 
socialjustice101,8 
pkmnredditleague,3 
shittytodayilearned,7 
thegirlsurvivalguide,12 
toyexchangefeedback,2 
toyexchange,2 
sanjose,8 
babymetal,5 
talesfromthefrontdesk,5 
paleo,7 
naruto,12 
graphic_design,6 
crusaderkings,26 
dxm,3 
archeage,12 
astronomy,6 
pointlessstories,4 
hair,3 
malware,2 
reverseengineering,2 
css,3 
ofwgkta,5 
badstats,5 
java,5 
denverbroncos,11 
humanfanclub,5 
discusshuman,2 
occult,18 
whatisthisthing,37 
sixwordstories,3 
weather,2 
topgear,8 
inglin,11 
shitpoliticssays,147 
straya,36 
uwotm8,6 
strugglefucking,8 
anthropology,3 
random_acts_of_pizza,5 
halifax,8 
happywars,3 
saplings,4 
lonely,3 
bleach,3 
youtubehaiku,27 
fappeningdiscussion,3 
norway,4 
dodgers,3 
borderlands2,3 
gamernews,10 
korea,25 
ideasforaskreddit,5 
homestead,5 
southpark,22 
coloradoavalanche,6 
zen,15 
fixxit,4 
trypophobia,4 
shittylifeprotips,25 
thenetherlands,11 
steroids,15 
entp,11 
geopolitics,11 
peoplebeingjerks,9 
fighters,5 
shadowofmordor,2 
exchristian,15 
truechristian,24 
vaping101,2 
pitbulls,7 
stopdrinking,16 
kratom,8 
gamerghazi,133 
borderlands,5 
devils,4 
trolledbynarcissists,2 
roleplay,5 
isitbullshit,11 
ghosts,2 
criminology,4 
weirdlit,3 
kerbalspaceprogram,17 
dragonage,5 
europeinaction,3 
askdrugs,3 
poppunkers,2 
shittytechsupport,3 
militaryporn,13 
polandballarena,2 
ebolahoax,14 
trueloseit,3 
cowboys,11 
suggestmeabook,3 
sweden,32 
foodforthought,26 
writingprompt,5 
godzilla,5 
lgg3,4 
samsung,3 
hypotheticalsituation,5 
againstgamergate,20 
musictheory,5 
makinghiphop,12 
modhelp,19 
redditdayof,2 
livestreamfails,7 
asianamerican,41 
transsupport,2 
im14andthisisdeep,22 
indonesia,7 
shittydebatecommunism,35 
publicfreakout,51 
rust,3 
dota2loungebets,3 
redditforgrownups,6 
crappydesign,43 
undeleteshadow,3 
dailydouble,2 
skyrimrequiem,3 
reddithavoc,3 
firearms,32 
respectthreads,12 
guncontrol,4 
civbeyondearth,2 
unexpectedthuglife,11 
oreimo,2 
awwnime,2 
avfmhotlinks,3 
daystrominstitute,10 
robotics,3 
rpg,13 
puahate,2 
minnesota,12 
nflcirclejerk,4 
bengals,11 
guitar,9 
awesome,4 
polycentric_law,2 
gunpolitics,15 
wa_guns,3 
medical,8 
etymology,2 
changetip,4 
pillowtalkaudio,5 
meanjokes,3 
halo,29 
leangains,5 
advancedfitness,6 
ebola,3 
rats,2 
progmetal,2 
btc,49 
gtfoderrickandarmand,3 
195,6 
redlettermedia,10 
ifuckinghatecats,5 
reno,2 
genderqueer,3 
drawforme,5 
gamesale,4 
clg,2 
behindtheaudiophile,2 
gwabackstage,5 
ps3,6 
bioshock,4 
askgames,4 
crazyhand,3 
hfy,8 
raspberry_pi,9 
hunterxhunter,4 
wellthatsucks,12 
civaeon,3 
boogie2988,4 
redditomicron,2 
barefootrunning,2 
3amjokes,7 
custommagic,4 
imaginarymonsters,2 
banned,54 
stlouis,15 
nuclear,2 
imaginarynetwork,3 
imaginaryasylums,3 
premed,7 
ps2cobalt,6 
ps2ceres,3 
beyondthebump,8 
wastelandpowers,3 
applesucks,6 
shadowrun,2 
delusionalartists,22 
ecr_eu,2 
diy_ejuice,7 
longtail,4 
oblivion,5 
badmilitaryscience,2 
realgirls,16 
mechanicadvice,8 
hawaii,8 
flashtv,17 
shittynosleep,9 
nbacirclejerk,27 
askseddit,6 
netflix,11 
gildedconspiracy,6 
handwriting,4 
squaredcirclejerk,6 
holocaust,12 
neopets,3 
nsfw_gif,18 
gamesandtheory,2 
everymanshouldknow,14 
redditwritesseinfeld,3 
berkeley,14 
gundeals,5 
moustache,2 
beards,10 
unsolvedmysteries,3 
singapore,14 
nexus5,4 
clashofclansrecruit,6 
antitheism,4 
freespeech,11 
moviescirclejerk,64 
marvelstudios,29 
rpi,2 
plex,5 
kpoop,3 
stonerphilosophy,3 
cris9696,3 
androidgaming,5 
airsoft,8 
iguanadonseverywhere,13 
mycology,3 
stevenuniverse,28 
rwby,13 
imaginarydialogues,2 
circojeca,3 
portugal,7 
studentloandefaulters,7 
fth,2 
wikiinaction,5 
tekken,2 
sf4,3 
wdp,4 
fishing,3 
shitpost,353 
astrophysics,3 
hyderabad,2 
unitedstatesofamerica,2 
zerocarb,2 
jeep,7 
grilledcheese,8 
fulfillmentbyamazon,5 
puzzles,2 
worldevents,2 
clashofclansmu,3 
cyberpunk,23 
randomactsofcsgo,3 
androidcirclejerk,51 
maddenmobileforums,2 
jakeandamir,17 
stonerengineering,2 
respectfullyyours,12 
veganarchism,6 
pokemonconspiracies,4 
explainlikedrcox,2 
ygobinders,2 
cartalk,5 
sikh,9 
vent,4 
etiquette,3 
diybeauty,2 
justunsubbed,143 
fatestaynight,3 
gunners,16 
addiction,3 
stopgaming,9 
monitors,2 
gaming4gamers,13 
alanon,4 
ocd,2 
koans,3 
shitghazisays,15 
collapse,38 
rainmeter,5 
marriedredpill,14 
korrasami,2 
fellowkids,16 
americanhorrorstory,6 
leftcommunism,4 
debatecommunism,13 
againstmarijuana,7 
knives,2 
neutralpolitics,11 
welding,5 
combatfootage,19 
classicalmusic,10 
holdmybeer,13 
bpdlovedones,9 
bdsmpersonals,8 
twinks,7 
cybercock,4 
testsquadron,4 
redditeclipse,5 
clanxenon,2 
gamestop,2 
makeupexchange,5 
overclocking,4 
gtav,9 
sjwnews,36 
conspiracygrumps,5 
vinyl,6 
somethingimade,4 
newtothenavy,3 
jobfair,3 
hockeyplayers,2 
tumblratrest,3 
dirtykikpals,5 
spikes,9 
shittyprogramming,6 
privacy,19 
humanrights,4 
futurewhatif,7 
michaelbaygifs,5 
gif,4 
upvoted,10 
mflb,3 
bigh,3 
redditkappa,2 
interstellar,6 
srsquestions,4 
lifehacks,16 
tf2weaponideas,4 
answers,15 
okcupid,36 
shiteuropeanssay,44 
conlangs,3 
piracy,8 
torrents,4 
swingers,5 
debunkthis,3 
intp,13 
askculinary,5 
moraldilemmasjerk,2 
moraldilemmas,3 
halocirclejerk,6 
tinder,52 
badpolitics,43 
colts,7 
churning,5 
taptitans,2 
teamsolomid,4 
topmindsofreddit,223 
tr4shbros,2 
smashcirclejerk,17 
canucks,9 
linux_gaming,8 
darkfuturology,11 
mhoc,36 
talesfromcallcenters,5 
caucasianchinese,4 
discusstheopenletter,6 
selfimprovement,5 
wikipedia,10 
humblebrag,13 
intelligence,6 
detroitredwings,6 
frugal_jerk,50 
bindingofisaac,17 
themoddingofisaac,3 
knifeclub,5 
redditraptors,2 
redditclansystem,3 
gopro,4 
militarygfys,2 
redditfrost,4 
patientgamers,7 
sewing,3 
inthemorning,11 
animecirclejerk,2 
shittyideas,4 
stannisthemantis,2 
cleganebowl,13 
adhd,27 
tumblrcirclejerk,2 
realtech,2 
redditstealthcoc,3 
pussypass,40 
forwardsfromhitler,8 
pfsense,3 
homenetworking,3 
cfbofftopic,10 
sjwhate,59 
antivax,2 
usmc,17 
cheatatmathhomework,2 
totalwar,17 
smitegodconcepts,2 
credibledefense,5 
kiachatroom,9 
killlakill,7 
gatech,10 
gamedealsmeta,5 
asianbros,9 
asianmasculinity,30 
metacancersubdrama,37 
subredditcancer,265 
fakeid,11 
mtgjudge,2 
mechanicalkeyboards,21 
heroesofthestorm,17 
nexus6,9 
civsaves,2 
cinescenes,2 
filmmakers,11 
lgbteens,6 
cubers,5 
smallbusiness,8 
gendercynical,22 
gendercritical,49 
wisconsinbadgers,3 
bjj,22 
behindthegifs,5 
gamersrevenge,2 
popcorntime,3 
randpaul,6 
cats,14 
unexpectedjihad,4 
neworleans,7 
editors,3 
wiihacks,2 
vac_porn,3 
getstudying,5 
aerospace,2 
datahoarder,10 
pure,4 
cardinals,12 
reds,7 
luna_lovewell,5 
realestate,4 
defaults,2 
gintama,3 
bpd,13 
youtube,16 
coryjerk,2 
discworld,4 
thefacebookdelusion,2 
postleftanarchism,3 
androidwear,7 
edify,3 
microgrowery,4 
woodworking,11 
homeimprovement,8 
psychiatry,6 
citiesskylines,11 
nonononoyes,19 
republican,17 
battlefield_4_cte,3 
pokemonplaza,4 
nlsscirclejerk,16 
whiteknighting,24 
scenesfromahat,7 
badbios,7 
emfeffects,3 
vinylcollectors,2 
metasubredditdrama,11 
uoft,12 
fireemblem,11 
imaginarymaps,2 
angel,2 
buffy,4 
actuallesbians,27 
fleshgait,2 
lovelive,3 
theredditrebels,3 
survivinginfidelity,5 
deadredditors,16 
summonerswar,6 
audiophile,8 
diyaudio,3 
audiojerk,2 
immigration,3 
dbz,17 
jazz,4 
gtaa,2 
gametales,4 
getemployed,2 
mechmarket,3 
hapas,131 
transgender,13 
evangelion,5 
brogress,3 
counting,3 
mra,2 
buccaneers,5 
csgobetting,4 
niceguys,36 
flytapemakesfunofyou,3 
verizon,7 
askcarsales,7 
snowden,6 
terraria,7 
celebnsfw,4 
gainit,9 
zugorphans,3 
deletenothing,2 
specart,2 
cricket,18 
antiwar,6 
japancirclejerk,131 
japanlife,9 
truepokemon,2 
mdma,9 
maddenbros,3 
narutocirclejerk,2 
bettafish,4 
vapeitforward,2 
r4r,10 
bestofbapc,8 
brdapublic,3 
karmafleet,2 
gradadmissions,3 
grammar,12 
wardrobepurge,4 
confusedboners,4 
yms,4 
redditbrigade,2 
awwducational,6 
sixers,5 
tpwisafuckingbitch,2 
falloutmods,5 
pastafarianism,2 
thesefuckingaccounts,55 
lookatthistrash,4 
punchablefaces,31 
anarchistnews,7 
adultery,10 
shill,3 
powershell,2 
parrots,5 
michigan,12 
alberta,13 
techsupportgore,11 
cigarmarket,2 
bigboobproblems,6 
nova,8 
bf_hardline,4 
tagprotesting,3 
wmma,5 
permaculture,8 
pkmntcgreferences,2 
wisconsin,10 
asksf,2 
ukraina,5 
thebutton,32 
bittippers,3 
askpsychology,3 
alphabay,3 
blackops2,3 
voiceacting,2 
smartphones,2 
identifythisfont,2 
redditmercury,2 
makeupexchangeeu,2 
sprint,3 
bostontrees,2 
thegreyhopeful,2 
ironthronepowers,14 
worldpowers,7 
sexpositive,2 
trackers,5 
aidanpics,4 
jaguars,7 
sto,4 
stobuilds,2 
wrestlewiththeplot,2 
calgaryflames,8 
c_s_t,50 
sunguardians,3 
conservativemeta,2 
bible,2 
gwascriptguild,2 
programmingcirclejerk,45 
agmarketplace,3 
transgenderuk,2 
theredguard,3 
team60s,8 
nocoloreds,4 
newsokur,10 
amrc,2 
mtglegacy,3 
bestoflegaladvice,40 
landlord,4 
dndbehindthescreen,13 
dndgreentext,6 
blackpeopletwitter,80 
beertrade,4 
winnipegjets,2 
shittykickstarters,18 
arduino,3 
evejobs,6 
eu4,19 
churchofthebutton,3 
worldfootball,2 
asmr,7 
assassinsofthebutton,4 
buttonnews,3 
zoophilia,11 
newsofthestupid,3 
tacobell,2 
futurologymoderators,2 
synthesizers,3 
fifthworldproblems,10 
redditsucks,5 
drunk,19 
financialindependence,17 
loremasters,2 
ttploreplaycentral,2 
civbattleroyale,16 
violethand,7 
mortalkombat,7 
cringeanarchy,186 
pets,6 
swgemu,3 
battlefront,5 
vita,5 
nintendo,16 
killthosewhodisagree,33 
dota2circlejerk,12 
truestl,22 
softwaregore,21 
me_irl,49 
truetf2,2 
ocpoetry,10 
acon_support,2 
team60sgov,2 
59s,5 
megturney,2 
nerdcubed,11 
chess,9 
riotfreelol,3 
starwarsbattlefront,19 
badukpolitics,13 
mylittlesupportgroup,5 
wma,2 
fantasy,16 
videogames,2 
uscontenders,6 
amateurarchives,3 
unity2d,3 
bombing,4 
darknetmarkets2,2 
rationalpsychonaut,6 
puzzleanddragons,3 
knightsofthebutton,5 
diabetes,8 
streetfighter,15 
vagabond,9 
mavericks,3 
historywhatif,9 
survivor,11 
survivorcirclejerk,2 
newyorkislanders,7 
shitgreeddisastersays,25 
redditsync,13 
androidthemes,2 
citiesskylinesmodding,2 
racistpeopletwitter,4 
nbaspurs,4 
redditliars,7 
decidingtobebetter,12 
redditlaqueristas,2 
teslore,5 
palemua,2 
sfbarf,3 
housingforsf,2 
radiohead,8 
bigbrother,7 
sanfrancisco,30 
dirtgame,2 
shittyfoodporn,22 
androiddev,6 
uncensorship,3 
iasip,20 
codes,4 
internetparents,2 
shield,6 
eliteexplorers,3 
rbi,15 
masculism,2 
equestrian,2 
navy,4 
airforce,22 
harrypotter,19 
miamidolphins,7 
civcirclejerk,3 
melbourne,32 
realbne,4 
wallstreetbets,39 
pcgamingtechsupport,5 
againstkarmawhores,102 
mapporncirclejerk,2 
dndnext,11 
lv426,4 
fuckredditmods,8 
suicidology,3 
solotravel,5 
backpacking,4 
chomsky,2 
supremeclothing,6 
animalsbeingbros,11 
the59s,2 
australianmakeup,2 
bigdickproblems,17 
banana,2 
antijokes,7 
badmovies,2 
bestofreddit,26 
gwaprofiles,5 
mtf,8 
althistory,2 
truewomensliberation,17 
sandersforpresident,129 
careerguidance,4 
buyitforlife,4 
nvidia,11 
google,13 
charity,3 
salmonregiment,2 
americanpegasus,4 
kpopslumberparty,2 
himym,5 
fullcommunism,82 
thalassophobia,12 
foofighters,2 
crucibleplaybook,4 
destructionist,2 
unitedcolors,2 
ukpersonalfinance,2 
funhaus,9 
engineeringporn,4 
tampabaylightning,7 
tacsdiscussion,7 
graffiti,4 
asheville,2 
maddenultimateteam,5 
freefolk,14 
autotldr,7 
porsche,2 
evex,2 
hearthstonecirclejerk,12 
scheissedieredditsagt,2 
serialgrudgematch,2 
serialpodcast,14 
snew,3 
thegreatwarchannel,4 
highereducation,2 
deusvult,14 
mgtow,108 
monero,13 
tor,6 
roblox,5 
serialdiscussion,2 
cablefail,2 
badeasternphilosophy,19 
cccult,12 
shrivelantiopinions,3 
bertstrips,6 
someordinarygmrs,2 
futurologyappeals,2 
trans,3 
splatoon,10 
comcast,2 
leagueofmemes,2 
prettygirls,2 
fullmoviesonyoutube,7 
hivaids,3 
mildredditdrama,109 
unbgbbiivchidctiicbg,15 
edc,9 
graffhelp,2 
elitelavigny,6 
elitepatreus,2 
virtualreality,4 
hawks,5 
postpreview,9 
leakeverything,2 
clevelandcavs,13 
nostalriusbegins,2 
sanantoniodrama,6 
sanantonio,9 
nostalrius,3 
shitwehraboossay,105 
edmonton,14 
hardware,9 
massivecock,3 
seo_killer,3 
blackfellas,42 
dvzcirclejerk,2 
horriblydepressing,12 
gta,4 
fatpeoplehate69,2 
globalredditmeetupday,3 
faithinhumanity,3 
palestineintifada,4 
autism,6 
ellenpaohate,2 
gasthesnoo,2 
pitchforkemporium,12 
againsthatesubreddits,176 
againstthechimpire,5 
sorryforyourloss,2 
badeverything,29 
tppkappa,4 
disability,3 
debateanarchism,11 
stoptouchingme,2 
volkswagen,2 
martialarts,17 
halloween,4 
gofundme,4 
jerktalkdiamond,13 
chrome,4 
sleep,3 
wordavalanches,2 
gettingshredded,3 
orangecounty,7 
transpassing,4 
uiuc,9 
gonewild,19 
tacsuncensored,4 
cincinnati,8 
vegetarian,19 
shittheadminssay,15 
justcheetogrubthings,17 
9gag,7 
fuckolly,7 
combinedgifs,5 
pipetobacco,5 
boxoffice,6 
morbidquestions,14 
ohio,6 
elitewinters,5 
howto,5 
postnationalist,18 
classic4chan,8 
battlebots,2 
hamilton,9 
tpp,2 
redditallianceclans,2 
maping,3 
parahumans,7 
mallninjashit,6 
barstoolsports,5 
mildyinteresting,4 
creepygaming,3 
asianparentstories,5 
seattleparody,2 
fountainpens,7 
louisiana,3 
hoarding,2 
ledootgeneration,9 
blackout2015,54 
coilgore,2 
wvforsanders,2 
gravityfalls,11 
samplesize,6 
paoyongyang,2 
dae,6 
feedthebeast,5 
chairmanpao,4 
schizophrenia,9 
mneumonese,4 
legotrade,2 
advancedmicrodevices,3 
24hoursupport,4 
letstalkmusic,4 
changelog,7 
randomactsofblowjob,7 
marvelheroes,3 
mbti,8 
nltp,2 
iamafiction,3 
galacticpeacekeepers,2 
subredditsimulator,46 
transtimelines,2 
intrusivethoughts,10 
dirtybomb,3 
monsterhunter,8 
techtheatre,3 
osha,18 
tennis,7 
sugarfreemua,2 
sociology,5 
academicpsychology,2 
learndota2,4 
truedota2,4 
realmadrid,5 
highschooldxd,2 
freecompliments,2 
shitty_car_mods,18 
perfectloops,6 
blackops3,10 
minionhate,14 
ps4planetside2,5 
drunkenpeasants,12 
entomology,2 
whatsthisbug,4 
socialjusticeinaction,36 
kentucky,3 
gaypornhunters,13 
truedetective,5 
redditorsinrecovery,3 
alcoholism,3 
ccw,15 
geek,6 
raldi,4 
darknetmarketsnz,2 
lost,7 
testosterone,4 
wouldyourather,13 
downwithafwcomics,4 
dmt,4 
leaves,7 
shittankiessay,33 
fuckcoontown,6 
simracing,3 
megaten,7 
tinnitus,3 
shitty_ecr,2 
asktrollx,2 
madokamagica,4 
osugame,10 
girlsdoporn,6 
motouk,3 
python,8 
user_simulator,8 
belgium,15 
tna,2 
subredditsimmeta,15 
boardgamescirclejerk,3 
tea,5 
youdontsurf,13 
rickandmorty,37 
modclub,12 
learnart,2 
anarcho_reaction,2 
gardening,4 
hotpeppers,2 
sjwstories,3 
stupidfood,2 
thelastofus,3 
electricians,4 
actualconspiracies,8 
nsfw411,7 
exxxtras,3 
wkndgunnithallofshame,2 
smashbroscopypasta,2 
hpfanfiction,3 
risingthunder,3 
windows,4 
elitehudson,4 
aislingduval,6 
tagproirl,2 
agario,3 
theundisclosedpodcast,4 
wwiipics,5 
rantgrumps,6 
randomshit,11 
econpapers,2 
allaccessplaylists,2 
nonewsmma,2 
openchristian,6 
rapwars,4 
bitcoin_uncensored,10 
androidmasterrace,9 
htc,2 
openpv,2 
thedarkmountain,9 
seventhworldproblems,3 
autonocontext,24 
ufc,11 
trump16,2 
kotor,2 
gradschool,3 
datascience,2 
xcom,10 
acecombat,2 
mrrobot,7 
modsupport,15 
justnomil,17 
real_bne,7 
h3h3productions,30 
evenewbies,2 
indianpeoplefacebook,7 
prisonarchitect,2 
inthenews,11 
colorado,9 
cocktails,3 
autos,4 
chosenone,2 
electromagnetics,31 
botwatch,4 
tometric,6 
everythingscience,20 
health,11 
als,6 
homestuck,22 
revengeuhc,2 
uhcmatches,2 
starcitizenaustralia,2 
arizona,4 
balkania,2 
sabaton,2 
comparativemythology,2 
enoughsandersspam,66 
thecinemassacre,3 
socalr4r,2 
medfordmass,2 
roboragi,3 
alpharadtv,2 
windows10,19 
misc,10 
awfullypunchablefaces,3 
elitepress,3 
eliteantal,4 
gallowboob,4 
voat,8 
modelusgov,10 
inqsclub,3 
farming,9 
weightroom,7 
endlesswar,5 
badislam,4 
whatcarshouldibuy,3 
scaredshitless,3 
ccj888,6 
tribes,3 
goodnews,3 
preppers,8 
thinnerbeauty,3 
518circlejerk,6 
smugredditdrama,4 
cbrmodelworldcongress,2 
roastme,29 
gamedesign,2 
forwardsfromgrandma,34 
shittyshitredditsays,2 
topcuntsofreddit,9 
ageplaypenpals,12 
augur,2 
vzla,13 
ashleymadisonhack,2 
personajerk,2 
badmathematics,40 
indiandrama,2 
istp,3 
dwarvendistrict,3 
readinggroup,2 
homelab,5 
bloodborne,6 
lovecraft,4 
tf2shitposterclub,12 
circlebrokediscussion,5 
bdsm,5 
sneerclub,4 
hpmor,5 
lds,2 
romerules,2 
voatinaction,2 
stlouiscirclejerk,2 
shittymapporn,6 
savagegarden,2 
sino,13 
unix,3 
exxxchange,9 
fapdeciders,11 
pedofriends,7 
twentyonepilots,4 
mandelaeffect,8 
joi,2 
sissies,3 
humansbeingbros,24 
auspol,2 
madmax,4 
ssbpm,7 
filipinbros,2 
elint,2 
wall2,11 
turcophobia,2 
wikileaks,28 
greentext,2 
notinteresting,9 
armycirclejerk,9 
1200isplenty,7 
nsfwvideos,2 
supplements,4 
motogp,6 
nepal,7 
girlsfinishingthejob,4 
audioengineering,6 
praxacceptance,26 
danknation,2 
diablo3witchdoctors,2 
gmofail,2 
wicirclejerk,5 
europemeta,7 
poetry_critics,2 
corporatefacepalm,9 
chelseafc,9 
mensrightslinks,2 
maxkarchive,2 
warhammer40k,8 
foodporn,14 
mockkarmacourt,2 
ontario,11 
ayahuasca,3 
glocks,3 
att,3 
fetish,2 
asktechnology,2 
manga,6 
lrcast,2 
ayymd,18 
freethought,5 
outlandishalcoholics,2 
oopsdidntmeanto,10 
characterrant,12 
modelparliament,2 
mhocpress,15 
mhocstrangersbar,2 
photoshoprequest,8 
saudiarabia,3 
askstatistics,4 
ccj2,49 
veterans,6 
enfp,4 
slatestarcodex,10 
asablackman,141 
fnafcringe,19 
academicbiblical,2 
roomporn,5 
birthcontrol,3 
band_names,4 
regina,4 
outside,7 
climatechange,8 
ggdiscussion,7 
merylrearsolid,2 
neverbegameover,3 
cuckold,12 
governmentoppression,4 
menslib,15 
soapboxbanhammer,12 
asiansgonewild,2 
askmrp,5 
natesgate,3 
modelwesternstate,3 
modelcentralstate,2 
beforenafteradoption,2 
dresdenfiles,10 
minneapolis,7 
amadisasters,12 
calamariraceteam,14 
atheismplus,5 
gangstalking,13 
dubstep,2 
edmprodcirclejerk,18 
sales,3 
justnofamily,3 
productivity,2 
redditdota2league,2 
playark,10 
wsgy,21 
cinemasins,4 
redditzulucoc,3 
bitcoinxt,9 
edmontonoilers,2 
kickstarter,10 
herpes,2 
std,4 
blackdesertonline,13 
osx,3 
kungfu,6 
boxing,9 
exreligious,2 
agnostic,3 
slowcooking,9 
lifeisstrange,3 
casualmath,2 
mls,17 
4xgaming,2 
rugbyunion,6 
bestofreports,11 
campingandhiking,7 
hongkong,12 
bullying,3 
fivenightsatfreddys,38 
googlemusic,2 
debatenazism,2 
rateme,7 
lightnovels,2 
shittymods,2 
falloutlore,5 
fnv,3 
cancer,5 
latestagecapitalism,135 
militaryconspiracy,2 
tumblrpls,3 
blackgirls,2 
progressive_islam,3 
stardustcrusaders,3 
alreadyred,3 
eroticpenpals,4 
offensivespeech,25 
falloutboy,2 
intel,5 
linuxmasterrace,19 
animalsbeingjerks,23 
stlouisrams,6 
singularity,4 
elgatogaming,2 
reportthetrolls,5 
gnome,3 
rice,2 
edmproduction,5 
establishmentterms,2 
officialsodapoppin,2 
sodapoppin,3 
sargonofakkad,35 
socialistsvsfeminism,3 
antinatalism,23 
coldwarpowers,2 
formcheck,2 
tamrielonline,2 
qualityanime,2 
osxelcapitan,2 
flicks,5 
nomansskythegame,27 
college,8 
fo4,26 
serialpodcastorigins,4 
seattleunmoderated,2 
onepunchman,6 
simulated,2 
obama,3 
delaware,3 
jimmiesclub,15 
journalism,9 
f1circlejerk,2 
engineeredattacks,8 
bonnaroo,2 
nationalsocialism,25 
antisemitismwatch,20 
masseffectlore,2 
askanamerican,13 
dppprofiles,4 
ems,11 
relayforreddit,7 
eatcheapandhealthy,9 
romania,7 
ggfreeforall,37 
smallboobproblems,2 
highqualitygifs,22 
tasker,2 
socialismfacts,11 
lowendgaming,3 
whowouldcirclejerk,4 
aadiscussions,6 
aquamarinevi,3 
redditcritiques,3 
lawschool,9 
write,2 
politicalvideo,17 
multihub,2 
honda,2 
winphonecirclejerk,10 
stanisms,31 
whitepeopletwitter,2 
galaxynote4,5 
ark,5 
iranian,12 
theworldisflat,10 
redditvikings,2 
darksouls3,23 
grandorder,2 
amibeingdetained,9 
amifreetogo,16 
witchcraft,2 
warcollege,3 
wowthissubexists,17 
autodetailing,4 
tronscript,4 
millerplanetside,4 
ubuntu,4 
misanthropy,9 
ooer,13 
popping,11 
greenmangaming,2 
youtubers,3 
newtubers,2 
wedding,3 
consulting,3 
terriblefacebookmemes,6 
wargame,4 
unitedprovinces,4 
metalgearsolid,17 
kasichforpresident,6 
ultrawidemasterrace,3 
bettersubredditdrama,199 
topmindsofnolibswatch,3 
healthanxiety,3 
bobeau,2 
curlyhair,3 
fierceflow,2 
amd,18 
darthjarjar,3 
aznidentity,66 
spaceengineers,5 
mistborn,4 
reckoners,2 
insults,9 
subredditsimulator_ss,6 
fullstalinism,3 
vaporwave,3 
topofreddit,5 
targetedenergyweapons,34 
papercraft,2 
longboarding,5 
staples,4 
torontoanarchy,39 
depravedmemes,2 
rbnlegaladvice,3 
newfoundland,2 
amdhelp,3 
gallifrey,7 
jrpg,3 
muaythai,2 
gender_critical,23 
rcsources,5 
sheffield,2 
explainmydownvotes,40 
miami,11 
starwarsspeculation,12 
starwarsleaks,12 
fantasybball,2 
asianmasculinity2,4 
asianfeminism,4 
bayonetta,2 
templeofthephil,3 
battlefrontcheaters,3 
garbagesociety,5 
occupywallstreet,9 
selfhelp,4 
wildnews,24 
internethitlers,19 
amiibo,9 
acting,2 
falloutsettlements,2 
soccercirclejerk,3 
ottoplay,2 
jamesbond,2 
societyofthemirrors,3 
theunboundshrine,2 
mractivism,3 
debatefascism,17 
justfuckmyshitup,4 
ntcirclejerk,2 
nuclearthrone,2 
srsmeta,11 
askvet,8 
askreligion,7 
okc,4 
oklahoma,3 
jasonmacker,3 
bestredditadvice,2 
streetwear,19 
makenewfriendshere,3 
meetpeople,2 
gaygifs,2 
hurtworld,2 
torontoraptors,10 
iwantout,12 
trollstationone,8 
legaladviceuk,9 
philosophyofreligion,4 
southcarolina,5 
handpickedporn,2 
mariomaker,2 
operationbarbarossa,2 
elitewings,2 
chiropractic,4 
emojipasta,8 
star_wars_battlefront,3 
disney,5 
care,2 
testgrounds,2 
pittsburgh,9 
sabres,3 
dc_cinematic,18 
chixxx_gifs,2 
redditmarketing,3 
makingamurderer,10 
gearvr,5 
notcirclejerk,16 
christianlaughs,8 
christianitymeta,6 
educationalgifs,6 
bravefrontier,5 
halflife,11 
the_donald,522 
gimp,3 
leagueofmeta,8 
legacyjailbreak,2 
betternews,2 
shittywritingprompts,2 
sadcringe,21 
callofresponsibility,2 
stlouisblues,10 
eminem,6 
trump,4 
caseyneistat,3 
rainbow6,23 
cbrbattleroyale,6 
streetlightmanifesto,2 
iowa,3 
bifweightloss,2 
biggestproblem,8 
baofeng,2 
electronics,7 
furry,16 
playrustlfg,2 
playrust,19 
metalgearpatriots,2 
rabbits,4 
empirepowers,2 
massachusetts,4 
goodyearwelt,4 
bdsmerotica,4 
honeyhive,8 
humor,10 
whowouldwinverse,4 
rape,7 
tweakbounty,3 
r4rsydney,2 
gulag,59 
discgolf,5 
parysian,2 
taiwan,7 
castleclash,2 
tronmtg,2 
redditlogos,3 
traditionalcatholics,4 
muacjdiscussion,8 
askdoctors,2 
quantikxanax,2 
kpop,8 
livestreamfail,26 
justcause,3 
dailyshow,8 
drunkencookery,2 
openandgenuine,2 
anime_irl,9 
pkmntcg,3 
sexystories,4 
elsbot,4 
youtubefactsbot,2 
badwomensanatomy,66 
codersforsanders,2 
steamship,2 
socialists,5 
panicattack,3 
carav,3 
civhybridgames,3 
finalfantasy,6 
bladeandsoul,3 
childrenofthelight,2 
awakened,8 
undertale,33 
unitale,4 
omaha,5 
excatholic,2 
modernmagic,5 
foreveralonedating,2 
topnotchshitposting,30 
thedivision,21 
muse,4 
vandwellers,2 
hammers,3 
belgiumcensorship,2 
lgg4,2 
readit,2 
dtrh,2 
shoplifting,11 
walmart,4 
accidentalrenaissance,10 
customhearthstone,3 
osureport,2 
nerdfighters,5 
chronotrigger,2 
serialthunderdome,3 
abcdcirclejerk,2 
connery,7 
modelaustralia,3 
shittyadvice,2 
competitiveedh,2 
ethtrader,14 
udub,4 
columbiamo,2 
favsciart,2 
autismisms,3 
starcraft2,2 
rbitcoin,3 
cfbcirclejerk,2 
cmhoc,4 
rocketleague,21 
afterthesilence,2 
civilizatonexperiment,11 
lupin,2 
standupcomedy,7 
billburr,10 
shittydiy,2 
ripoffpowers,2 
dirtywritingprompts,3 
sexworkers,6 
seo_nuke,7 
truecsgo,2 
computers,5 
whatsthisplant,3 
kreiswichs,4 
translator,6 
globalnewscn,2 
traditionalcurses,2 
likeus,6 
deepintoyoutube,10 
vexillology,12 
homeless,5 
burttr,2 
strife,2 
security,2 
rift,2 
michigan4sanders,2 
zelda,9 
hillaryclinton,58 
exredpill,3 
mountainwisdom,2 
chickflixxx,5 
whiskyporn,4 
diwhy,6 
reynad,2 
newcastleupontyne,2 
liverpool,3 
southafrica,14 
mtgeternal,2 
therealmsmc,6 
reptiles,5 
rad_decentralization,3 
fuckreddit,4 
sexover30,3 
starterpacks,35 
doyouknowkimchi,3 
pakistan,16 
denmark,10 
worldofwarships,9 
watchitfortheplot,3 
boxingcirclejerk,2 
spintires,3 
punk,9 
drumpf,12 
civrapbattleroyale,3 
airbnb,6 
pso2,2 
shitsocialismsays,25 
proceduralgeneration,3 
arrow,21 
ptsd,4 
sgiwhistleblowers,2 
auslaw,8 
bnestrong,29 
asklibertarians,2 
comicbookmovies,3 
asklosangeles,3 
forsen,7 
breakingfrd,2 
fail,2 
libraries,2 
commiewatch,7 
excel,5 
foreverunwanted,20 
tacn,3 
stardewvalley,6 
fashionreps,6 
modelwhpress,3 
modelsupcourt,2 
theredpillcirclejerk,3 
amiwrong,3 
predators,10 
theverymask,3 
asktrumpsupporters,36 
redpilldrops,3 
onewordeach,3 
hellointernet,5 
iamverybadass,29 
crackstatus,3 
remindmebot,2 
stevenaveryisguilty,5 
ronandfez,5 
hcteams,4 
firefall,3 
marriage,2 
kossacks_for_sanders,19 
completeanarchy,23 
armoredwomen,3 
wolverinertpractice,2 
homemadexxx,5 
geology,2 
obscuremedia,3 
calledit,5 
weightlifting,4 
interiordesign,3 
velo,3 
hockeyquestionmark,3 
paragon,2 
communalsanctions,4 
discussion,2 
helpmecope,2 
botrights,31 
gcdebatesqt,4 
capitalismvsocialism,27 
harmontown,4 
rsdarkscape,4 
codzombies,11 
gonwild,2 
vive,26 
daredevil,2 
freedrama,11 
annarbor,2 
politicalphilosophy,3 
5nafcirclejerk,3 
magicduels,2 
mtgfinance,3 
magicdeckbuilding,3 
grime,3 
touhou,4 
killerinstinct,2 
galaxys7,3 
nexus6p,6 
actionfigures,4 
seriousconversation,2 
brasil,6 
spheremasterrace,2 
dbgpatchnotes,4 
joinrobin,8 
pegging,2 
gfd,2 
topfilms,2 
buttonaftermath,2 
angryirishreddit,3 
totallynotrobots,24 
madmudmen,6 
enlightenedbirdmen,27 
neurology,3 
getnarwhal,2 
armenia,8 
shitpostemblem,4 
otheroffmychest,4 
poker,13 
fidelitypdx,2 
pdxgunnuts,3 
holistichealth,3 
starwarsrebels,2 
watchredditdie,51 
manchester,4 
3dprinting,12 
ahmadiyya,3 
nutrition,7 
images,6 
politicalhumor,28 
tworedditorsonecup,8 
the100,2 
aviation,10 
cosplay,3 
lothsshit,2 
triggered,3 
roofing,2 
panamapapers,2 
asianmartialarts,2 
tranypanda,3 
bannedfromthe_donald,17 
swirclejerk,3 
blenderhelp,2 
arabisraeliconflict,4 
borussiadortmund,2 
libraryofshadows,4 
metahub,4 
askberniesupporters,3 
womenfortrump,2 
scjerk,3 
borrow,2 
deathgrips,6 
askfemmethoughts,2 
instant_regret,26 
uci,2 
ultralight,3 
ludology,2 
ebikes,3 
phillyuncensored,2 
phillycirclejerk,2 
breeding,3 
badmods,5 
streetfights,18 
anarchocapitalism,4 
climate,12 
subsanctuary,2 
fetishes,2 
thedonald,7 
juve,5 
fireemblemcasual,5 
publichealthwatch,138 
leoduhvinci,2 
meirl,21 
survival,4 
insideout,2 
shitleeaboossay,11 
fuckyou,8 
overwatch,70 
applyingtocollege,6 
starwarseu,2 
phoneaddiction,2 
ibo,2 
askprogramming,2 
rantsfromretail,3 
tressless,5 
callofduty,5 
infinitewarfare,10 
gradeaundera,2 
evedreddit,2 
russiawonwwii,7 
slideforreddit,3 
hctcringe,3 
humanporn,9 
amateur,2 
depressionregimens,4 
nothingeverhappens,50 
chicubs,5 
shills,6 
hillaryforprison,35 
morrowind,7 
kenm,10 
spirituality,3 
rcigarsbattlezone,4 
austrian_economics,6 
ronpaul,4 
agorism,2 
marketanarchism,4 
verbalabuse,2 
againstallarchons,2 
trendingsubreddits,10 
budgetfood,4 
chancetherapper,2 
quittingkratom,3 
the_donaldunleashed,6 
mr_trump,15 
stellaris,11 
europeannationalism,13 
fucktammy,3 
reportthebadmoderator,2 
wot,5 
nrelationships,2 
zombies,2 
collared,2 
themodssaidthat,2 
brasilivre,2 
testimonials,2 
zedmains,3 
waifuism,3 
nevadaforsanders,2 
wowservers,5 
electricforest,2 
trap,7 
thisisnotasafespace,3 
commonfilth,19 
csgotrade,2 
fetlife,2 
kcroyals,5 
hatesubredditoftheday,2 
40klore,6 
consluting,7 
roku,3 
asknetsec,2 
matthosszone,5 
offensive_wallpapers,2 
tennesseetitans,4 
oaklandraiders,12 
9m9h9e9,2 
fancyfollicles,2 
thebarons,2 
hitman,2 
ticktockmanitowoc,11 
donaldtrumpsucks,5 
sandiego,10 
disciplesofgrace,3 
schizophreniaanxiety,3 
dpdr,4 
greektraitors,2 
greece,7 
pokemongo,53 
pyrocynical,4 
emulation,3 
drdrew,2 
hatesubsinaction,18 
berserk,6 
askmedical,2 
smoking,3 
bbq,2 
ftm,10 
badroommates,3 
itppowers,2 
pinkfloyd,2 
charadefensesquad,3 
thebeach,5 
747thworldpirates,2 
ps2,2 
eliteone,3 
h3h3_productions,7 
indieheads,9 
deadbydaylight,3 
boostforreddit,2 
galaxynote5,3 
throwawaylibrary,7 
asianbeautyexchange,2 
leathercraft,2 
kopiernudeln,2 
characterforge,2 
nba2k,2 
skincareexchange,3 
enoughsteinspam,3 
dolphinconspiracy,5 
butterface,2 
insertions,6 
thegrandoldpaper,2 
modelmidwesternstate,2 
modelusmeta,2 
boise,6 
construction,2 
reddeadredemption,5 
uncensorednews,39 
secretsubreddit,5 
ghostbusters,10 
political_revolution,27 
media_criticism,7 
truecapitalistradio,2 
profanitywatch,8 
dotnet,2 
palestinesubwatch,3 
israelpalestine,4 
makerdao,2 
hillaryforamerica,3 
redditbay,2 
gametrade,2 
transfascism,3 
enoughtrumpspam,155 
vxjunkies,4 
haskell,3 
freedomearth,3 
breakup,2 
battlefield_one,17 
companyofheroes,4 
the_donaldson,2 
weirdwheels,2 
nl_kripparrian,3 
netflixbestof,8 
zchxz,2 
flatearth,13 
nbastreams,4 
waxpen,3 
bmw,5 
mustang,4 
mkebucks,3 
legaladviceofftopic,10 
leftwithsharpedge,38 
csgo,4 
watchwatchthemods,4 
zionismwatch,3 
wifesharing,2 
the_farage,4 
skinwalkers,2 
ifyoulikeblank,3 
bulgaria,2 
drunkorakid,6 
destructivereaders,4 
shit_ets_says,5 
clashroyale,8 
redditmobile,9 
myfriendwantstoknow,5 
antifeminists,2 
askphotography,2 
shittyhdr,3 
hexag1,3 
crimedocumentaries,2 
crappymodding,3 
cuckoldcommunity,4 
deepthroat,2 
askeconomics,4 
cmonreddit,2 
shittyconspiracy,2 
shittyaskflying,3 
targetedenergyweapon,3 
pureasoiaf,3 
shitancapssay,4 
enoughhillhate,24 
drums,2 
redpillwives,4 
xcom2mods,2 
fuck2016,3 
compsci,5 
furrykikpals,3 
hypnohookup,2 
altright,34 
sdsu,2 
opensource,4 
buffalowizards,2 
phijkchu,2 
assholedesign,2 
madeofstyrofoam,4 
boulder,4 
random_acts_of_amazon,5 
thesilphroad,13 
thoreau,2 
tmbr,5 
boocredux,8 
wholisticenchilada,2 
maine,7 
askeurope,7 
conservatives,6 
sissyhypno,3 
fo4mods,2 
nattyorjuice,6 
ploungeafterdark,2 
wemaketheterror,2 
pcos,3 
carriers,3 
radioheadcirclejerk,4 
indiadiscussion,7 
negativewithgold,83 
labouruk,8 
firefighting,8 
catastrophicfailure,6 
researchchemicals,7 
samharris,13 
nsfwfunny,10 
gifrecipes,10 
physical_removal,18 
terrorist_pkk,3 
retconned,8 
evilbuildings,12 
highschooldxdcj,2 
bottomlulz,3 
bojackhorseman,8 
incels,69 
badfilm,3 
rimworld,6 
futurefightextra,2 
future_fight,3 
seattleevents,2 
enough_sanders_spam,86 
silenthill,2 
supremestreammemeteam,3 
thepeoplesrcigars,2 
hairloss,2 
lesbianactually,5 
danganronpa,3 
thecompletionist,2 
dayton,3 
mockredditadmins,3 
vegas,7 
fairytail,2 
berserklejerk,4 
strangerthings,3 
rojava,7 
timcanova,2 
iphonehelp,2 
koryu,2 
ingress,5 
pogodfw,2 
excons,3 
alabama,7 
abandonware,2 
tipofmyjoystick,3 
competitiveoverwatch,5 
shitindiansays,2 
usenet,2 
missing411,7 
bicycletouring,2 
semebay,5 
targetedindividuals,14 
ethereumclassic,6 
canon,2 
engineeringstudents,8 
jimsterling,9 
rcscams,3 
taylorswift,3 
amifat,2 
nocontextnews,2 
fitmeals,6 
therecordcorrected,13 
bustypetite,2 
luciddreaming,7 
econcopypasta,7 
plumbing,5 
violinist,2 
milliondollarextreme,32 
modeltimes,3 
enoughcommiespam,45 
jillstein,22 
ancapcopypasta,2 
infrastructureporn,3 
motivation,3 
holofractal,2 
capitalism,4 
topsandbottoms,2 
chrisolivertimes,7 
aliens,4 
steak,2 
earwolf,2 
breakups,5 
hvac,2 
olympics,10 
supermam,4 
wwii,5 
wwi,2 
2b2t,6 
abortion,2 
deusex,5 
askdoctorsmeeee,3 
ohlympics,2 
academiceconomics,3 
ffxv,3 
ignorantimgur,4 
shitsassay,8 
gotham,2 
oakland,6 
harambe,8 
frankocean,6 
ecology,2 
enviroaction,2 
recycling,2 
organicgardening,2 
poland,2 
350,2 
thewarondrugs,2 
nioh,3 
madden,4 
roughdraft,2 
lesbients,2 
asexual,4 
unexplainedphotos,4 
repsneakers,5 
vitahacks,2 
gwgnetwork,2 
askthe_donald,10 
polite_users_bot,2 
infertility,3 
daerelevantusername,2 
kingdomhearts,5 
unexpectedsabaton,5 
utdallas,2 
motog,2 
ghostrecon,5 
gentlemanboners,11 
taliyahmains,2 
thedepthsbelow,7 
ntstalkers,2 
wayofthebern,35 
emdrive,4 
unsubscribed,2 
magnora7,3 
oldpeoplefacebook,6 
factorio,2 
bettereveryloop,7 
badselfeater,2 
ecig_vendors,2 
broodwar,2 
malazan,3 
instagram,2 
syriancirclejerkwar,6 
shitleftistssay,14 
bitcoin_exposed,2 
fnafdramaalert,2 
garyjohnson,10 
pvzgardenwarfare,3 
wallpaper,2 
anything,2 
libertyworldproblems,2 
padres,3 
letsgofish,2 
6thform,2 
ultraleft,4 
dncleaks,17 
jesuschristreddit,108 
nightvale,5 
fitbit,3 
troy,2 
savedyouaclick,14 
granblue_en,2 
40krpg,2 
wellington,2 
dirtysmall,4 
metaforall,10 
ios,3 
nameaserver,4 
nomanshigh,4 
learnmath,5 
malegrooming,2 
undertalecringe,9 
goldandblack,23 
pokemongodev,7 
stupidslutsclub,2 
serialkillers,7 
audiohaven,2 
natureismetal,21 
overwatchuniversity,4 
tokyo,5 
nhlstreams,2 
shitthefalsesay,16 
unearthedarcana,6 
petitegonewild,5 
thedickshow,10 
enoughtwopartyspam,8 
russian,2 
gametheorists,3 
drugsbroke,2 
thexanaxcartel,3 
bitcoin_unmoderated,2 
slovenia,2 
tropicalweather,3 
playstation,4 
hogwartswerewolves,2 
nufc,3 
abetterworldnews,2 
gnv,2 
ice_poseidon,7 
the_europe,7 
subreddit_stats,55 
hardenedbsd,3 
galaxynote7,4 
gentoo,4 
cbd,3 
cannabisextracts,4 
hxh_oc,2 
smallbooblove,2 
usa,2 
wallpapers,5 
partneredyoutube,2 
lukecage,2 
the_donald_2,2 
rcsupplies,2 
playercovenants,2 
asknyc,3 
nintendonx,2 
childrenfnaf,2 
shruglifesyndicate,12 
anarchismonline,9 
peoplesmetanarchism,2 
communists,6 
neckbeardnests,3 
help_with_math,2 
expectationvsreality,9 
plantsvszombies,2 
pvzheroes,2 
agentsofdoubt,6 
communismworldwide,4 
legaladviceinaction,3 
gaycumsluts,2 
shitkevin32says,3 
idontworkherelady,7 
uncensored,2 
thisismylifenow,6 
pigmentation,4 
islamicstate,9 
jihadinfocus,8 
blogsnark,2 
indiana,11 
sneakers,8 
googlepixel,4 
nevertellmetheodds,5 
defranco,25 
raisedbyborderlines,3 
pcjcopypasta,2 
dks3builds,2 
gifsound,3 
trucks,2 
girlswithneonhair,2 
mixedasians,2 
ehlersdanlos,2 
northernlion,4 
charlotte,4 
petfree,2 
finland,8 
suomi,4 
ssbm,8 
gonemild,2 
cuckquean,2 
readeranonerotica,3 
databreaches,6 
nsa,4 
overcominggravity,2 
blackops,5 
dbzdokkanbattle,3 
giivasunner,6 
peoplefuckingdying,16 
bluekrill_,2 
mypartneristrans,2 
psvr,5 
cuckoldstories,2 
hillarymeltdown,7 
codmodernwarfare,4 
stillsandersforpres,11 
thisisnotagame,3 
dankchristianmemes,5 
im14andthisisfunny,3 
noadmins,3 
kurdistan,7 
planetcoaster,5 
kyle,2 
ethan,2 
flatearthsociety,3 
3dshacks,5 
seattlewa,22 
ffbraveexvius,4 
bettercallsaul,9 
antenna,2 
adelaide,4 
thefighterandthekid,2 
redditconspiracy,3 
alltheleft,4 
crypto,6 
askmath,3 
myfavoritemurder,2 
marijuanaenthusiasts,5 
vacsucks,2 
askredditafterdark,5 
indiaspeaks,6 
blacklivesmatter,6 
mobileweb,2 
trolling,8 
sacramento,3 
biggerthanyouthought,2 
furryhate,9 
the_meltdown,14 
rogergoodell,2 
historyanecdotes,2 
pedohatersanonymous,12 
adamcarolla,11 
guitarpedals,7 
dankmemes,23 
facebook,2 
pmdcirclejerk,3 
brawlhalla,2 
nonbinary,3 
unlockedthreads,2 
toosoon,13 
ass,3 
the_schulz,2 
draven,2 
donaldglover,2 
satire,2 
israelwatch,2 
memeeconomy,13 
jon,2 
makingzerosense,2 
rocirclejerk,3 
lilwa_dexel,2 
rengarmains,4 
fakenews,5 
whatisthis,2 
yourmomshousepodcast,4 
northcarolina,10 
notsnails,2 
battleroyalegames,2 
forhonor,16 
theimperialcult,5 
defenders,4 
dashpay,6 
offendedbyeverything,5 
emuwarflashbacks,4 
impeach_trump,9 
socialmedia,2 
nosurf,3 
patches765,2 
fullmetalgunnit,2 
cpp,3 
enoughmuskspam,6 
comedycemetery,24 
whereisassange,9 
truecrimediscussion,2 
incest_relationships,2 
rpdrdrama,13 
rocketleagueexchange,2 
fakenewswatch,3 
idaho,3 
everyfuckingthread,3 
teedubsbooty,2 
againstsocialjustice,12 
nietzsche,2 
xenoblade_chronicles,2 
nintendoswitch,20 
debateavegan,2 
sherlock,2 
arenahs,2 
thriftstorehauls,5 
dnmindia,2 
filthyfrank,8 
learnjapanese,4 
raleigh,2 
caguns,3 
boogalized,5 
kidcudi,2 
galaxys6,2 
shadownet,2 
diepio,5 
incelpurgatory,2 
skincareaddicts,2 
historicalworldpowers,2 
golang,3 
cyalith,2 
sweatypalms,3 
askdemocrats,2 
traaaaaaannnnnnnnnns,11 
kotk,2 
paypai,3 
coaxedintoasnafu,6 
valkeezy,6 
youpoetried,2 
badtattoos,5 
fuckthealtright,33 
debatealtright,9 
idontlikerpolitics,2 
applewatch,3 
azirmains,2 
breakawayminyan,2 
trumpforprison,2 
beardeddragons,2 
diaryofaredditor,2 
vaccines,2 
serbia,2 
croatia,4 
the_duped,2 
rule34,8 
swordartonline,3 
dndhomebrew,2 
swimming,3 
judo,4 
indianapolis,4 
criticalrole,2 
futurefight,2 
bluelight,4 
standup,6 
987654rdworldproblems,2 
holdmyfries,3 
berlin,2 
golf,5 
littlemissaphrodite,3 
redditminusmods,3 
svenskpolitik,2 
darknetplan,2 
torontorevolt,4 
trippinthroughtime,6 
yoga,5 
drupal,2 
nexus5x,2 
highlevelkarma,5 
residentevil,4 
coolguides,5 
transdiy,2 
ihe,4 
shittyteslore,3 
theamazingbulk,4 
rpdrcringe,6 
facebookdrama,2 
insanepeoplefacebook,4 
tomorrow,2 
jordanpeterson,2 
modelf1,2 
rotmg,2 
truezelda,3 
podcasts,2 
chapotraphouse,19 
guitarcirclejerk,5 
guitars,2 
uwaterloo,10 
snackexchange,3 
alternativehistory,2 
thepedofile,2 
steinsgate,2 
beautyguruchat,2 
pornid,5 
irony,10 
vyrdism,2 
paladins,5 
tanamongeau,2 
widowers,2 
rightwinglgbt,16 
selfharmpics,2 
cosplaygirls,5 
quebec,6 
onguardforthee,14 
mengetrapedtoo,2 
letsroll,3 
shittyrainbow6,3 
advancedrunning,4 
dfj3xxx,2 
gonewildcalgary,3 
bitchimatrain,5 
edefreiheit,3 
therightboycott,7 
sudbury,2 
redensign,3 
forhonorknights,2 
socialistra,2 
wholesomememes,15 
bondage,2 
americanstasi,2 
allthingsprotoss,2 
shortsweetstories,2 
karmapolicedepartment,2 
labrats,2 
dating,3 
marchagainsttrump,23 
nsfw_snapchat,2 
amisexyiscreepy,2 
amisexy,2 
wwegames,2 
enoughcapitalistspam,15 
blackmetal,4 
esist,11 
arg,2 
bannedfromclubpenguin,4 
loltyler1,6 
thewaywewere,5 
tellreddit,3 
iamnotracistbut,20 
giantess,5 
td_uncensored,6 
hanguk,2 
dnmuk,2 
todayibullshitted,15 
surface,7 
idubbbz,7 
gaymersgonewild,2 
askouija,8 
tokyoghoul,4 
remindme,2 
nomorebamboozles,6 
kledmains,2 
canadianforces,11 
blackmirror,3 
meta_asktrump,2 
trumpgret,8 
aoe2,3 
chivalrygame,4 
artificial,3 
niceguysdiscussion,3 
equalattraction,3 
washingtonwizards,2 
ripcity,4 
talesfromsecurity,6 
weezer,2 
2meirl4meirl,4 
theydidthefuckyou,3 
whitepeoplegifs,8 
streetwearstartup,2 
therewasanattempt,8 
bangalore,3 
pedogate,2 
xxketo,2 
discordapp,4 
headphones,6 
trebuchetmemes,8 
redditloyalists,27 
exurb1a,2 
owprotips,2 
flossdaily,2 
thedavidpakmanshow,5 
griptraining,2 
ausfinance,2 
fasting,5 
utah,4 
ungulateteams,3 
pennsylvania,3 
daniel,2 
david,3 
birdteams,2 
debateevolution,3 
popheads,7 
vanguardofevil,2 
shittyrobots,16 
seattleshitshow,9 
pinball,2 
truthleaks,2 
coalitionagainstevil,3 
florida,5 
errc,2 
redcorner,2 
bluecorner,4 
greenlattice,7 
thebluecorner,3 
place,29 
fightthevoid,3 
ainbowroad,5 
theblackvoid,8 
assyria,2 
chattanooga,3 
morocco,4 
thefarleftside,4 
trashyboners,4 
malaysia,6 
spacexmasterrace,2 
serious_gaming,3 
afip,2 
osuplace,2 
krasnayaarmiya,3 
partyparrot,2 
europeplace,3 
americanflaginplace,4 
pennstateuniversity,2 
gameflysocial,7 
shitcorbotssay,5 
gaymers,7 
craftbeer,2 
yamrepublic,6 
gatekeeping,16 
downvotesreally,23 
geocaching,2 
thecarrotempire,3 
robocraft,3 
ramen,2 
prequelmemes,9 
nudism,4 
negaredditredux,3 
samandtolki,5 
placeatlas,3 
slashdiablo,3 
natureisbrutal,3 
colorblind,5 
ublockorigin,2 
aznlivesmatter,7 
leedsunited,3 
aceattorneycirclejerk,2 
aceattorney,2 
perfecttiming,6 
misasandry,3 
wmaf,2 
persona5,2 
bluejackets,3 
sanjosesharks,5 
forhonorvikings,2 
mademesmile,10 
aleague,2 
penguins,4 
placenostalgia,2 
placestart,2 
pvzcirclejerk,2 
corgi,2 
justlegbeardthings,6 
celebdpp,2 
bicyclingcirclejerk,24 
analgw,3 
rapekink,2 
ftlgame,3 
sips,15 
gaybrosgonewild,3 
easternsunrising,8 
beatles,4 
unexpectedfactorial,4 
baddragon,3 
procss,5 
opensouls3,2 
gmomyths,89 
playarkservers,2 
havenscall,2 
doom,4 
reasonablefaith,2 
jerma985,2 
liberalgunowners,3 
stocks,6 
rs2vietnam,2 
neoliberal,6 
deathcore,2 
beetlejuicing,42 
bestoftldr,49 
ketocirclejerk,2 
muhfeelings,7 
evenwithcontext,244 
hiking,2 
civcringe,6 
swarje,5 
bsg,3 
circlefuckers,18 
bannedfrom4chan,3 
mrmorwhiterights,2 
mfacirclejerk,7 
metafitnesscirclejerk,2 
toasterrights,16 
irishhistory,2 
thetransphobiasquad,2 
maryland,2 
deadpool,2 
muhfreedoms,2 
bestofworldstar,9 
mynextband,5 
cumsluts,5 
itookapicture,5 
fuckyouimashark,4 
srsorwestboro,2 
srssucksorstormfront,2 
boardwalkempire,2 
facepalmfacepalms,3 
drugstashes,5 
automate,5 
backyardchickens,5 
prochoice,3 
newhampshire,19 
callflood,3 
occupyboston,2 
bronyrights,2 
goodshillhunting,4 
trapproduction,2 
bronyh8,2 
shitgonewildsays,11 
wicked_edge,9 
zenhabits,2 
shitty_watercolour,3 
firefly,8 
orangeisthenewblack,3 
retiredgif,46 
badliterature,16 
subredditdramax3,3 
chemicalreactiongifs,3 
conspirology,2 
subricharddawkins,4 
futuristparty,3 
peercoin,3 
daftpunk,3 
trailerparkboys,7 
dumpsterdiving,10 
linguistics,6 
ladybonersgw,2 
mfavs,2 
lost_2,2 
angrybrds,12 
fuckharley,3 
shitposts,6 
militarycringe,3 
antifa,8 
shitlordpride,3 
alternative_right,2 
bitcoincirclejerk,2 
palsbarainaction,5 
languagelearning,6 
postrock,4 
becomeaman,3 
nongolfers,13 
blackpower,2 
wotcirclejerk,3 
atheistsbeingdumb,2 
tax,2 
antiques,2 
tampa,5 
fixedgearbicycle,4 
bikewrench,3 
epicbattlemaaaage,2 
scheme,2 
jenniferlawrence,2 
askliterarystudies,5 
subredditsashashtags,6 
testoutfit,3 
pyongyang,4 
bestofquotes,3 
ripster,2 
bitchimabus,9 
acmilan,2 
phish,4 
botsscrewingup,16 
westernterrorism,2 
castlestory,4 
supershibe,2 
switzerland,6 
vore,2 
fabulousferds,2 
genuinewords,3 
treessuckingatthings,2 
iowacity,2 
redditquote,9 
gunsforsale,2 
cookieclicker,3 
conspiro,2 
calvinandhobbes,6 
shittyanalogies,5 
mileycyrus,2 
katyperry,3 
the_asylum,2 
talesbytoxlab,2 
shitnukethepopesays,2 
evolutionreddit,5 
godwinslaw,7 
duk,2 
notfondofpeanutbutter,2 
quadmetacanada,4 
gamingpc,3 
rekt,14 
antiradkewatch,3 
bbw,2 
mildlyburned,5 
asstastic,5 
shittytil,3 
karmainitiative,2 
conspiracybestof,2 
fluoridemyths,11 
whataboutsrs,19 
idiotsfightingthings,12 
surfing,3 
thinkpad,5 
allies,6 
njtech,2 
mh370,4 
seinfeld,3 
grammarnazi,4 
totallynotracist,3 
carcrash,2 
asexuality,5 
unidanfans,2 
mildlyamusing,3 
clickers,2 
habs,7 
flatcore,2 
corenet,2 
phoenix,4 
batman,5 
celebs,10 
tampacirclejerk,2 
commaconspiracy,2 
bestofthefray,5 
libertarianmeme,5 
caps,4 
shitredditdoes,3 
hunting,6 
nativeamerican,2 
frontpage,6 
merica,3 
newscape,2 
catsstandingup,2 
nostalgia,6 
feministscondemnstuff,2 
albuquerque,4 
twincities,8 
simpleliving,3 
startledcats,3 
greendawn,2 
lego,10 
metatruereddit,4 
puns,5 
djscirclejerk,5 
unknowntradeco,4 
shotbow,4 
amethystcove,2 
minecraftcirclejerk,2 
vermont,3 
deathclub,2 
oregon,4 
misleadingthumbnails,9 
trancecirclejerk,3 
switcheroo,17 
woodmanps2,2 
nsfwcomments,3 
dogecoindev,2 
business,14 
programminghorror,3 
treefiddy,3 
srsar,2 
whoreddithatesnow,3 
gmod,3 
superman,3 
mrpownall,2 
nashville,4 
good_cop_free_donut,6 
nsfw_wtf,3 
sad,3 
youreonalist,2 
noshitsherlock,3 
schenectady,3 
gunsvsguns,2 
imawhinyliberalbitch,4 
lgbtnews,5 
lafd,2 
sailing,4 
stoppingaspergers,4 
girafasucks,2 
metroid,2 
sidehugs,4 
nazihunting,7 
coachella,4 
blackpeoplegifs,4 
anormaldayinrussia,16 
volvo,2 
lolphp,2 
hotwheels,2 
cumberbitches,2 
theydidntdothemath,4 
dallasstars,2 
whatsinthisthing,4 
retrofuturism,5 
libertarianbestof,11 
luddite,2 
floridaman,17 
zing,4 
badanthropology,4 
shitjidfsays,3 
theydidtheshittymath,3 
veganpogrom,7 
srstranny,6 
realasians,3 
gamephysics,3 
rct,2 
arma,6 
arthistory,2 
dogetard,2 
wince,3 
melbournecirclejerk,2 
dippingtobacco,3 
catholicmemes,2 
the_jews_did_this,2 
talesofmybowels,2 
pentametacanada,2 
shitfoxh8ersays,33 
retiredusername,23 
arresteddevelopment,3 
ladyboners,6 
genetics,4 
harperskingdom,2 
whataboutamerica,2 
againstatheismplus,3 
painal,3 
dontstarve,2 
architecture,2 
bellingham,2 
pareidolia,6 
verypunny,8 
bigbangtheory,2 
blackcoin,2 
cfl,2 
excgaration,6 
iamaparanoidloser,3 
adminmythos,4 
texasnorth,3 
gurrenlagann,4 
shirtredditsays,109 
indianleft,5 
dataisugly,3 
abolish,2 
danmag,5 
rollerblading,2 
pornoverlords,2 
srdsucks,2 
kelloggs,3 
minimalism,4 
dawngate,4 
transspace,2 
astrophotography,2 
aznperil,3 
matt,3 
wordpress,2 
buffalo,2 
tiabroke,2 
bestofcirclejerk,3 
shamepolice,3 
wheredidthesodago,11 
netneutrality,2 
tulsa,3 
srs,8 
circlejerkpdx,2 
ofcoursethatsathing,14 
trpgame,2 
animalcrossing,3 
urbanplanning,2 
skiing,6 
lolantlong,2 
thetruthaboutgums,2 
juststemthings,4 
mountandblade,3 
worldcup,4 
redditthroughhistory,2 
pizza,7 
bestofconservative,2 
babyloss,2 
chefit,2 
solving_sa712fy,2 
museumofreddit,16 
shitredditgilds,9 
spacechem,2 
chargeyourphone,6 
chinese,3 
unclesamuel,3 
prettygirlsuglyfaces,2 
happyfunplayground,3 
dumbasses,4 
carporn,3 
mvc3,2 
tinyhouses,4 
northkoreanews,4 
siliconvalleyhbo,10 
punny,3 
made_me_cum,5 
peasants,2 
spaceporn,3 
artefactporn,2 
fighterjets,2 
northernireland,9 
vinyljerk,2 
theatre,2 
facebookwins,4 
yougotgold,6 
bestofadminsmackdown,9 
bestofstreamingvideo,3 
totes_meta_bot_spam,5 
esportdrama,2 
notyourmothersreddit,21 
oppressionmeta,3 
serendipity,2 
firstworldconformists,2 
elitistwatch,3 
tzm,5 
rva,12 
magic,4 
civilizationcraft,2 
sjwnews_affiliate,8 
retiredjpg,10 
connecticut,4 
linuxactionshow,4 
iiiiiiitttttttttttt,4 
nin,2 
copwatch,2 
ultracrepidarian,4 
ca_twitter,2 
jewish,2 
whiteidentity,2 
newsoftheweird,4 
thecardinalregiment,2 
unturned,5 
artisanvideos,3 
shitredditssays,9 
goodbadmods,3 
megamanlounge,3 
wet_shavers,5 
organic,2 
madmen,3 
meatacanada,2 
eugene,5 
modsoftherealms,2 
decoders,2 
funnyreddit,5 
therealmisandry,6 
teekaytank,2 
stophate,2 
redditarmie,3 
postprocessing,2 
gold,2 
theygotgoldforthat,4 
fuckop,7 
fastfood,3 
raiseyourdongers,2 
mostgilded,3 
feministstories,2 
playstationplus,2 
casualeugenics,3 
butthurtbutthurtcoin,3 
metaquebec,2 
blog,3 
neuro,2 
butthurtcoin,5 
stretched,2 
byu,2 
oaklandathletics,2 
eroticauthors,2 
haruhi,2 
humiliation,2 
antimwmwatch,6 
elsanna,4 
fuckthepolice,2 
tiamythos,2 
patriarchymythos,2 
truebestof,4 
coding,2 
enoughukipperspam,4 
battlewagon,2 
orgasmcontrol,8 
bloodthirstystatists,4 
notthisshitagain,3 
relevantusername,2 
greenday,6 
bisonmasterrace,4 
cleveland,5 
screenshots,2 
heat,6 
theydidthelogic,2 
northernaggression,4 
yishansucks,2 
bestofx,64 
kingofthehill,3 
shitwybothsays,2 
thesimpsons,11 
bitcoinuk,2 
utk,2 
limpwrist,14 
edm,4 
php,3 
raisingkids,2 
afwmemes,2 
hometheater,4 
funnyfartstories,2 
finance,6 
reeftank,3 
intactivists,3 
plantstho,13 
deadpoolhatersclub,33 
comment_chains,2 
unexpectedphilosophy,2 
ncsu,2 
glitch_art,2 
rutgers,4 
shittybattlestations,3 
fingdom,2 
unsubfuel,2 
nirvana,3 
berrytubelounge,2 
wowguilds,2 
ps2ragetells,4 
mtb,3 
soylent,3 
weeabootales,6 
isbeanfiddlermadtoday,2 
dailytechnewsshow,4 
volleyball,2 
gameswap,2 
motorcitykitties,2 
roguelikes,2 
marriagestrike,2 
redditbullshit,3 
neu,2 
thisiswhyredditsucks,2 
deathnote,2 
downvotesmcgoats,21 
tooljerk,3 
kimkardashianpics,2 
subredditbanter,2 
travelcirclejerk,2 
tothetuneof,5 
talesfromthepharmacy,4 
infographics,2 
boisebike,2 
iceland,4 
piano,4 
threadkillers,13 
metalostgeneration,4 
dadreflexes,2 
hockeycirclejerk,3 
redorchestra,2 
senntisten,3 
chromecast,2 
women,4 
shanghai,3 
mildlyhomestuck,3 
shitlibertarianssay,3 
mosinnagant,3 
awesomesaucephil,2 
commentgore,76 
clannad,2 
weakfags,3 
improvementhub,2 
mfdoom,2 
tennessee,3 
harasser,5 
isrconservativeracist,5 
fbiwatchlist,6 
shrooms,4 
macdemarco,2 
shitcomment,11 
applecirclejerk,4 
heknowsquantumphysics,4 
kellerbier,2 
bys,2 
shittotesmetabotsays,2 
circlebrokeau,3 
hiphop101,2 
gatekeepers,2 
sadboys,2 
paleontology,2 
gearsofwar,5 
themodcomplex,2 
shittytheydidthemath,2 
shitgnomesays,2 
baww,2 
erb,2 
opdelivers,9 
stwnhms15ya,2 
bestoff,4 
deepfriedburrito,6 
uva,2 
joerogaine,4 
karmawhore,2 
atethepasta,12 
shitsrssays,2 
nocomments,2 
needamod,5 
titlegore,12 
dundermifflin,8 
angryblackladies,13 
chemicalimbalance,3 
bigbooty,3 
nordiccountries,2 
irbyslaw,2 
metametafcj,2 
shitoldreddersays,2 
democrats,11 
bottomcomment,20 
birmingham,4 
thelastofusfactions,2 
hipsterracism,5 
bestofpoutrageculture,17 
shittingadvice,4 
birdsbeingdicks,2 
weakpots,17 
trueredditenemies,2 
apocalypserising,4 
csgojerk,2 
stupidpeople,2 
audi,3 
rational_liberty,2 
truetruereddit,3 
reddittau,2 
gonewildcolor,2 
hbd,2 
betterbitcoin,5 
shortlogic,2 
nordvei,2 
thanksobama,3 
socialdemocracy,4 
excgarated,18 
im14andthisiswtf,2 
zapopa,2 
shittyshowerthoughts,3 
pastacomments,4 
prettygoodof,3 
millionairemakers,8 
perfectfit,3 
upvote,6 
smokerhate,3 
redditsmuseumoffilth,5 
dedgaem,2 
pebble,2 
novascotia,2 
themlscirclejerk,2 
fuckcoop,2 
shakespeare,2 
spicy,2 
goodeconomics,2 
monstercatcringe,2 
ghettoglamourshots,2 
bbwarshallofshame,3 
urbanexploration,3 
customerservice,2 
editwhores,2 
shitshitpost,4 
uspolitics,3 
taiwancirclejerk,3 
codoh,2 
gaygiles,4 
britishpolitics,5 
hookit,4 
anarschism,3 
technews,2 
idrawmuhammad,3 
popcoin,2 
upvotedbecausegirl,37 
todayspropaganda,5 
deadmau5,2 
uberdrivers,7 
blameamerica,6 
eyebleach,11 
billiards,2 
funnyandsad,9 
latin,3 
sfgiants,3 
thewire,2 
folkpunk,2 
60fpsporn,3 
sidonglobophobia,2 
pinac,3 
shittyfantheories,2 
kerala,2 
bedbugs,2 
tforcenetwork,2 
gonewildcurvy,3 
cardiomyopathy,3 
marshallbrain,2 
consolemasterrace,2 
bullywatch,3 
rickrocketed,2 
forceblade,4 
dodge,3 
organ_eyes,2 
fuckingsteve,9 
choosingbeggars,5 
str8guysfrombehind,2 
kevin,2 
shitauthoritarianssay,2 
calibrations,3 
removedcomments,2 
redditextremism,3 
zionismexposed,4 
tacoma,3 
jurassicpark,2 
shittyredditadvice,2 
televisioncirclejerk,3 
livesound,2 
awwschwitz,4 
thisisatroll,5 
skateboarding,4 
shitcrusaderkingssay,6 
ule88,9 
americaisbad,4 
30rock,2 
pacers,2 
psychotherapy,2 
jacksfilms,2 
wehatemovies,2 
videogamedunkey,3 
hatecrimehoaxes,2 
calculationproblems,3 
fcjbookclub,2 
peloton,2 
darkestdungeon,2 
rustytrombones,2 
shittyphotoshop,3 
propaganda,3 
tablesrights,4 
londonontario,4 
beekeeping,4 
telltale,2 
starbucks,5 
shitomnissay,3 
bestofrabsho,2 
politota,2 
birdpics,2 
counterstrike,2 
nightlyshow,2 
experthasarrived,4 
bestedits,4 
dotaconcepts,2 
youbigot,2 
coyscirclejerk,3 
cuba,3 
powerpc,3 
iamverysmug,2 
cakeday,3 
autocorrekt,2 
albania,3 
thathappend,2 
linux_cucks,8 
inlandempire,2 
ukgreens,3 
lastimages,9 
spongebob,4 
punisdayans,2 
shitshitredditsays,2 
ahmadiyyat,2 
esports,3 
slutjustice,6 
warlizard,5 
scientology,3 
newyorkmets,9 
fairshare,3 
pokercirclejerk,2 
cgpgrey,3 
wastedgifs,2 
namenerds,6 
blink182,5 
linuxcirclejerk,11 
ford,2 
fantasybaseball,2 
criticaltheory,4 
radd_it,2 
replygore,7 
projecteternity,2 
gloriouscrtmasterrace,2 
iia,3 
showerorange,2 
upvotedforstarwars,2 
phillies,6 
hockeyjerseys,2 
milwaukee,5 
tradicalchristianity,3 
doommetal,2 
debryceisright,2 
frc,2 
gundam,3 
especiallywithcontext,6 
werthaminaction,3 
threadevolution,3 
ellenpaoinaction,4 
greenpillchat,2 
vvvortic,2 
filthydaymoon,3 
getfairshare,3 
warthundercirclejerk,2 
trucksim,2 
piercing,2 
barca,5 
ghostsrights,9 
lebowski,2 
gorillaz,3 
theliteralpatriarchy,2 
badpolsci,2 
cryptospread,2 
musiccirclejerk,2 
enoughinternet,4 
cedarrapids,2 
brandnew,3 
op_jade_helm_15,2 
mcjcirclejerk,3 
pimpyourmomforkarma,2 
socialism_101,3 
imaginarystories,2 
anarchychess,2 
foundtheprogrammer,3 
punintended,5 
pinkfloydcirclejerk,2 
bestofmodsmackdown,4 
berniesanderssucks,7 
straightedge,2 
nsfwcosplay,2 
seasteading,3 
jobuds,4 
dnmcirclejerk,2 
itsadndmonsternow,18 
sanantoniocirclejerk,3 
pizzasrights,4 
hadtohurt,6 
poopfiasco,3 
see,3 
titrcdrama,3 
nocontext,3 
womenhate,5 
dreadfort,5 
saab,2 
kccirclejerk,2 
redditvibes,2 
footballhighlights,2 
badmythos,2 
overpopulation,2 
fnafb,6 
shittyedits,3 
cryptoanarchy,3 
helpmefind,3 
ezvid,3 
uhccourtroom,3 
btsu,2 
itsaunixsystem,3 
gmo,2 
theeternalwar,2 
skyremcoop,2 
poorpeoplehate,7 
npmythos,2 
rochester,5 
cadenmorandiary,9 
spiderbro,3 
kumocrew,3 
stance,2 
dickgirls,2 
cabbagetrollfacts,2 
house,2 
opera,2 
horses,2 
mypornvideos,9 
hittablefaces,3 
ellenpaorapedme,2 
spitegold,8 
dropthemic,4 
awfuleyebrows,2 
liberaldegeneracy,3 
reallifedoodles,6 
shitleftists_say,4 
hailmarketing,5 
ggggg,2 
makesyoumoist,4 
lazypalpatine,10 
freeross,4 
anormaldayinamerica,2 
fuckthekarma,2 
nflstreams,2 
freeatheism,2 
redditsaysstuff,6 
retiredusernames,2 
bestoffeminism,2 
minnesotatwins,2 
xbox,4 
judgeit,2 
scientologists,3 
paradoxpolitics,2 
fivenightsatfangames,2 
photographycirclejerk,2 
imnosjwbut,8 
northkoreapics,2 
wwe,3 
arianagrande,2 
dereksmart,3 
shitstabantoniosays,2 
spotthevegan,2 
monsanto,2 
strawpeoplehate,2 
wackytictacs,3 
redditfreeze,2 
badgovnofreedom,4 
radicalchristianity,3 
charleston,2 
thingsredditdoes,3 
asanamerican,2 
nature,3 
cogdis,4 
trueaustralia,2 
consoleproletariat,3 
1984isreality,3 
hwya,2 
jadehelm,3 
civexcirclejerk,2 
stalinsquadsezwhat,5 
homedepot,2 
deaagents,2 
thewhitecommunity,2 
breathinginformation,2 
blind,2 
doctorwhocirclejerk,2 
ayylmao,4 
ebes,2 
miiversesmashers,2 
maleequality,2 
statingcurrentyear,2 
watchpeopleargue,2 
nerf,2 
islamarabssubwatch,2 
fakeowlsurvivors,3 
hotlinemiami,2 
thatgavemecancer,4 
thorgf,2 
rowing,2 
safespacesofreddit,2 
girlsmirin,4 
classicsubredditdrama,4 
collegesluts,2 
cjajerk,2 
healthymalesexuality,7 
footballmanagergames,2 
microsoft,4 
blackcrimematters,2 
instantbarbarians,2 
bestofsmugculture,2 
meow_irl,3 
shitdenierssay,5 
smalldickhumiliation,2 
ukbike,2 
yurop,2 
rollercoasters,2 
lordsofminecraft,2 
mongolianhatewatch,3 
greatleapsforward,2 
bowling,3 
clickerheroes,2 
rickygervais,6 
strawmanharris,4 
ashens,4 
empiredidnothingwrong,13 
upvtdcuzrobinwilliams,2 
japanpics,2 
shitshitshitpost,3 
highsocietyradio,2 
swoledominance,2 
wilmington,2 
criticalactivism,2 
mealprepsunday,2 
shitludditessay,2 
human,17 
justiceserved,25 
threats,2 
saveit4later,2 
fossworldproblems,4 
stargate,3 
capitalismfacts,2 
kiamythos,3 
deathtoamerikkka,8 
plantclinic,2 
asatru,2 
mythbusters,2 
trollabot,2 
narcos,3 
tagprosimulator,2 
americandesi,3 
justlike1984,2 
dontyouknowwhoiam,6 
knoxville,2 
penispassdenied,5 
sep2015event,2 
migraine,2 
bellingham_wa,2 
freshalbumart,2 
militantancaps,2 
bookscirclejerk,4 
gameideas,2 
gladiatorjesus,2 
oculusnsfw,2 
gentilesunited,5 
shitty_diy_ejuice,2 
rit,3 
meta_me_irl,2 
rockhounds,2 
lactoovo,2 
intrepidusgaming,5 
unexpectedskyrim,3 
nyto,2 
shitstatistsay,3 
bf4,2 
southdakota,3 
thrusthamster69,3 
georgia,6 
chastity,2 
gifextra,2 
clopclop,2 
socialanarchism,2 
shitimperialistssay,2 
penmanshipporn,3 
lastweektonight,3 
shoegaze,2 
enddemocracy,5 
altbriggs,2 
shitflemingssay,2 
veganfitness,2 
techoblanco,3 
pandr,2 
schadenfreude,2 
criticismofislam,3 
idiots,2 
poorshaming,2 
scamshitizen,2 
streetfightercj,2 
unexpectedhogwarts,28 
ripbestof,49 
festivalsluts,3 
fazednotphased,2 
betterhuman,2 
zeroescape,2 
freesoftware,2 
youtubecomments,2 
shitrsrcssays,3 
reallifefootball,4 
altgonewild,2 
skrillex,3 
teamdonkeyman,3 
conspiracyfact,2 
doublemintdave79,5 
penistrolls,2 
holdthemoan,6 
wouldyoufuckmywife,2 
invadersm,2 
dasilence,3 
bikemessengers,3 
redditisfulloffaggots,3 
lackofselfawareness,5 
ps4deals,2 
hoggit,3 
minez,3 
racistreddit,2 
prematurecelebration,4 
forwardsfromreddit,4 
javdownloadcenter,2 
shitwesternerssay,2 
redraptor_irl,2 
motograndprix,2 
uqreddit,4 
yesyesyesyesno,2 
badphysics,3 
anythingmayhappen,12 
alternativemedicines,2 
borderlandscirclejerk,2 
shitspam,2 
mandro,2 
bothate,4 
uglyduckling,2 
theworstgeneration,3 
modpeoplehate,12 
toolband,4 
townofsalemgame,3 
badtaxidermy,2 
modelmakers,2 
nes,3 
conspiracyama,2 
what_is_reddit,2 
redditbeingretarded,5 
stephenking,2 
redpillortaliban,3 
thesquadonpoint,2 
whataboutsjws,6 
cmvmusic,2 
fantasycannibalism,2 
thefempill,7 
fuckbirds,6 
shillcusations,2 
dzogchen,2 
rebl,2 
indiamain,2 
indieheadscirclejerk,3 
uber,2 
theaquapill,2 
mildlystartledcats,2 
srilanka,2 
girlswithglasses,2 
karmacringe,4 
sexytummies,2 
redditgetsdistracted,2 
proed,4 
antoniofanclub,3 
bollywoodrealism,2 
astros,2 
chinajobs,2 
devoted,5 
fuckbloat,2 
conspiracyfacts,6 
awardspeechedits,2 
rupaulsdragracedrama,3 
cheap_meals,2 
accidentalcomedy,2 
physicsisabitch,3 
bestbuy,2 
whitepeoplereddit,2 
freezepeachinaction,3 
datguylirik,3 
eurowatch,4 
harpersrecession,2 
lyft,2 
norules,2 
memphis,2 
truecels,7 
shittybots,2 
boocisacuck,2 
ak47,3 
latinopeopletwitter,2 
cucksville,2 
redditgetstheshits,3 
bait,3 
funke,2 
midgetsrights,2 
russiawarinukraine,2 
hyrulewarriors,2 
bestofleft,2 
showerthoughs,2 
autistic,3 
comedybangbang,2 
ascendingkarma,2 
shitthe_donaldsays,9 
libertarianca,3 
instantkarma,2 
ooerintensifies,2 
slovakia,2 
shitshitshitshitpost,2 
notmyjob,4 
indianents,2 
earthbound,2 
watchthemods,6 
skitssssager,3 
jessicanigri,2 
bitcoin_classic,2 
antijakes,5 
truecreepy,2 
suicidebereavement,2 
nevertrump,3 
cadenmorandairy,4 
pxifrm,2 
askto,2 
washingtonforsanders,3 
oculus_vr,5 
some_stupid_cunt,2 
northamerican,5 
eurosmug,2 
sublime,2 
distortedview,3 
trumpdrama,2 
survivetheculling,2 
htc_vive,3 
robinhood,2 
freeeuropenews,6 
praxematics,2 
sanders_for_president,2 
whitewolfrpg,2 
slavs_squatting,2 
gaybrosgonemild,2 
ididnotsaythat,2 
antisemitism,2 
fl_studio,2 
nicki_minaj,3 
knightsofpineapple,4 
teachinginjapan,3 
tedcruzforpresident,2 
brilliantbadideas,2 
birbs,2 
garner2015,2 
stupidnintendofans,2 
mintgreenundies,2 
anybodybuthillary,3 
leclub,9 
comicbookart,2 
orderoflenin,2 
freeuse,2 
bestofedits,2 
newsokunomoral,3 
imintampa,2 
trendingreddits,3 
hitlersdick,3 
qutreddit,2 
operationstreisand,2 
greatexplanations,2 
superweeniehutjunior,5 
coloradorockies,2 
leftwithoutedge,7 
clintonforprison2016,2 
snallywatch,2 
uselesssarcasmtag,2 
lcfc,2 
streamersgonewild,2 
beachcity,2 
ragenchastain,2 
ethtradeclub,2 
hodmandod,2 
hitmanimals,3 
pokemongocirclejerk,3 
xwingtmg,2 
thelounge,2 
fullcapitalism,2 
undertail,4 
littlespace,2 
dutchshitonreddit,4 
streetfightermods,3 
childrenfallingover,7 
fuckramsay,3 
lowcar,2 
drag,6 
lalist,2 
shitggffasays,2 
fixingmovies,4 
gape,2 
kenya,2 
colorizedhistory,3 
freethinkingfreedom,3 
destroyzion,3 
metametametacanada,3 
antihatesubs,2 
wehraboosinaction,5 
shittyquip,2 
indiancountry,3 
hoi4,6 
mawinstallation,2 
againstmeansubreddits,5 
downwiththedonald,3 
lolcowtheater,3 
fakeasiangifs,2 
garlicbreadmemes,3 
anarcho_primitivism,2 
ahsbrigadewatch,3 
brockturnerinnocent,14 
wehaveconcerns,3 
boburnham,4 
wheresthed,3 
thechurchofrogers,2 
europeanpeoples,2 
labsafety,6 
nowttyg,2 
political_bullshit,2 
topcommentoftheday,12 
obvioussatire,3 
ilaw,2 
camping,2 
blowjobs,2 
mariners,2 
investingcj,2 
ambien,2 
overwatchcirclejerk,11 
slandy,2 
weakpotsdrama,2 
violentleft,5 
nihilism,2 
justcametothat,2 
absolutelynotme_irl,2 
icelandbestlandfc,5 
imablue,8 
fucktheredpill,14 
santacruz,2 
eatsomebeans,2 
weathergifs,2 
tmnt,2 
hailthepolice,3 
pokemongoyellow,2 
pokemongomystic,2 
riskyclick,2 
eder,2 
kingsringleader,4 
enoughpokemongospam,2 
incelwatch,3 
black_lives_matter,2 
maliciouscompliance,4 
adorableporn,3 
unexpectedadolf,2 
rpg_gamers,2 
fuckdavidking,2 
spacebuckets,2 
cunt_named_milo,3 
bikinibottomtwitter,5 
shiteiraboossay,5 
incel,5 
submechanophobia,2 
oxusdefenseforce,3 
twosentencehorror,2 
greenparty,2 
demonicsmileyface,2 
madlads,27 
jebussquadformation,3 
jebuswatch,2 
grammarfail,2 
rpdrtearanny,2 
ligamx,3 
emoticongore,2 
justproblackthings,2 
effortbroke,2 
cancerousedits,2 
workgonewild,2 
bestofecr,2 
ihatesportsball,2 
joerogantoo,2 
rockband,2 
stallmanwasright,4 
daverubin,3 
youneedanewdoctor,3 
fuckpearl,2 
rockthehousemd,4 
opisdumb,5 
transformers,2 
theticket,2 
rarepuppers,3 
securityguards,2 
clickbait,2 
foxes,2 
shitbrexiteerssay,2 
trivialedits,3 
autowa,2 
toolazy,2 
newaccountsinpolitics,2 
tachanka,2 
truebigdickstories,2 
endbigotry,3 
buttsharpies,2 
bitbastion,2 
luka_reddit,2 
tickledbycomment,2 
calloutableists,6 
msgsontotesmessenger,3 
askle,2 
churchofcot,5 
9b9t,2 
upforfun,2 
fuckimold,2 
washington,3 
complainingaboutwomen,2 
trainwrecks,7 
viewaskewniverse,3 
verlier,24 
spaceengine,2 
unexpectedrt,4 
normmacdonald,2 
dawnbrigade,3 
canes,2 
socialfightclub,4 
incelabode,2 
fo4sucks,2 
portal,2 
nosillysuffix,2 
crimewatch,3 
jinanenglish,8 
emboldenthee,3 
huskers,2 
rpdrdramadrama,2 
shitanarchistssay,2 
4b4t,2 
captaindisillusion,2 
holdmycosmo,2 
losangelesrams,2 
syrianrebels,3 
no_mans_sky,2 
binobeingabully,3 
1200isjerky,4 
hitlershoutout,5 
ourflatworld,4 
shruglyfesyndicate,6 
skellylogic,4 
forza,3 
wintercharm,2 
youseecomrade,2 
unexpectedmarxism,2 
cyclocross,2 
peoplewhosayheck,105 
hillariousthreads,4 
drones,3 
punfights,2 
clicksonlinks,12 
unexpectedkronk,2 
arenatracker,2 
harmreductionexperts,19 
selfawarewolves,2 
randomactsofbuttstuff,2 
riemanndefenseforce,2 
westworld,5 
unexpectedhamilton,4 
bigbangcomics,2 
mexicanspaceprogram,3 
incelideas,2 
mechanical_gifs,2 
unexpectedmetallica,3 
fancyasfuck,2 
idleexclamations,2 
planetmens,4 
salty,2 
savebrendan,2 
twinnovation,3 
superherocirclejerk,5 
mmacirclejerk,2 
pettybickering,3 
carmb,2 
unexpectedstorytime,5 
le_pen,3 
cricketshitpost,5 
sorosforprison,3 
ryan,4 
debbieforpresident,3 
iamveryculinary,6 
civex,2 
woooosh,7 
uktrees,2 
natureisfuckinglit,5 
holdmyjuicebox,2 
bidenbro,4 
mildlyvandalised,3 
depressed,2 
meincanada,4 
incel_because_reasons,4 
jewdank,2 
shitslavaboossay,3 
mealtimevideos,3 
delete_the_donald,3 
badcomputerscience,2 
suckituppussy,2 
tendies,3 
spain,2 
crackwatch,3 
conspiracylite,3 
nopuns,2 
sneks,4 
starcucks,2 
sharepoint,2 
throwers,2 
paradoxextra,2 
murderedbywords,10 
thefence,2 
nincirclejerk,3 
avoid5,6 
ourpresident,7 
downvotetrolling,3 
enoughclassistspam,5 
compilebot,2 
whitebeauty,4 
fakehistoryporn,3 
ilabsightings,2 
singedmains,2 
hijackers,10 
shitnazbolssay,7 
redacted,2 
freyaslight,4 
racistshitredditsays,3 
gamingleaksandrumours,2 
worstofmoderation,2 
sherri_papini,2 
yasuomains,2 
racismsureisfunny,2 
thepapinis,2 
unexpectedfirefly,2 
nothowdrugswork,2 
modburns,2 
geologycareers,2 
dontdeadopeninside,3 
tankporn,2 
anarcha,2 
militant,2 
quadricorns,2 
olympia,2 
maximumfun,2 
unexpectedjojo,5 
thatsnobempire,2 
phonebatterylevelbot,4 
the_gaben,2 
dylannroofinnocent,2 
skookum,2 
unexpectedkanye,2 
digibro,2 
onionlovers,9 
opisadick,3 
gaylunarcommune,2 
secretnomore,4 
postcolonialism,3 
shitslumlordssay,2 
forty7chromosomes,2 
onionhate,5 
amry,3 
sivabenemoltobene,2 
iwaswrongallalong,3 
agendaposting,3 
revisionists,2 
leftistviolence,2 
fareeqawal,5 
bluemidterm2018,7 
rusherarmy2b2t,2 
starvstheforcesofevil,2 
jerkofftocelebs,2 
terfisaslur,6 
unexpecteddnd,2 
fuckingwithfascists,3 
police_v_video,5 
labour,2 
assadistwatch,3 
signalyourvirtue,15 
worldnewshub,2 
soposts,2 
pussypassneutral,3 
dramaorcirclebroke,2 
antitrumpalliance,4 
the_donald_ca,2 
bothsidesarethesame,2 
xdfp,4 
whyweretheyfilming,2 
cumtown,2 
fireemblemheroes,2 
battlefield_live,2 
tucker_carlson,2 
askaliberal,2 
gapeshot,2 
disinformants,2 
beholdthemasterrace,3 
the_iowa,2 
wewantplates,4 
stopapostropheabuse,2 
justfinishhimoff,2 
theredpillright,3 
facebooksaysitsok,2 
rapids,2 
hmmm,2 
shitruksays,2 
youseeingthisshit,3 
truckers,2 
swissneutralityzone,3 
floydvsvoid,4 
qualitysocialism,2 
pkdefenseforce,2 
robbaz,2 
theexpanse,2 
mentionhelper,2 
jeeters_edinburgh,2 
the_seattle,2 
againstactualhatesubs,3 
ibojerk,2 
fragility,3 
doggohate,2 
facingtheirparenting,2 
commentsoftheyear,2 
galaxys8,2 
enoughkropotkinspam,2 
shitcagerssay,3 
